date,pit_status,_liq_asof,_hy_asof,_fred_asof,_sov_asof,_sentiment_asof,_pos_asof,sentiment_fear_greed,sentiment_state,policy_bias_line,hy_oas_today,net_liq_pct_change,net_liq_level_bucket,struct_v2_state,drift_score,gamma_state,flow_score,prev_flow_score,prev_flow_state,macro_narrative,market_regime,sp500_pos_z,base_budget,structure_delta,credit_delta,liquidity_delta,structural_v2_delta,drift_delta,flow_gamma_delta,flow_continuity_delta,flow_regime_delta,macro_delta,positioning_delta,event_floor_delta,pre_cap_budget,phase_cap,phase_cap_effect,v2_cap,final_cap,final_cap_effect,final_budget,SPY,spy_fwd_1d,spy_fwd_5d,spy_fwd_20d,phase_cap_active,exposure_cut,outcome_1d,cap_opportunity_effect_1d,outcome_5d,cap_opportunity_effect_5d,outcome_20d,cap_opportunity_effect_20d
2020-02-18,PASS,2020-02-12,2020-02-18,,,2020-02-18,2020-02-18,55.0,NEUTRAL,"Policy Bias: MIXED (혼조) (WEAK, score=+0.5) | REAL_RATEΔ N/A / FCI value=N/A (low-frequency) / DXYΔ +0.340 / US10YΔ -0.032",3.61,0.4814540154391148,LOW,SYSTEMIC HEDGE (시스템적 위험 회피),2,🟡 POSITIVE-TRANSITION,0,2.0,🌱 LIGHT TRACE,UNKNOWN_TRANSITION,TRANSITION / MIXED,2.3028690049759986,55,0,5,0,-4,0,0,0,0,0,-8,0,48,30,-18,70,30,0,30,306.9359741210937,0.004781024009717028,-0.07151143633749246,-0.24925027426807644,True,18,OPPORTUNITY_COST,0.000860584321749065,DEFENSIVE_SUCCESS,-0.012872058540748643,DEFENSIVE_SUCCESS,-0.04486504936825376
2020-02-24,PASS,2020-02-19,2020-02-24,,,2020-02-24,2020-02-24,80.0,GREED,"Policy Bias: MIXED (혼조) (WEAK, score=+0.5) | REAL_RATEΔ N/A / FCI value=N/A (low-frequency) / DXYΔ +0.030 / US10YΔ -0.094",4.03,-0.7606298144679142,LOW,WEAK DEMAND + RISK-OFF (수요 둔화),2,🟡 VOL STRESS TRANSITION,2,0.0,NO CLEAR FLOW,CREDIT_STRESS,HARD RISK-OFF,1.380637581319105,70,0,-10,-15,0,0,0,0,1,-20,0,0,26,20,-6,100,20,0,20,293.8920593261719,-0.030302001348873953,-0.041343868879899826,-0.3044444825188949,True,6,DEFENSIVE_SUCCESS,-0.001818120080932437,DEFENSIVE_SUCCESS,-0.0024806321327939893,DEFENSIVE_SUCCESS,-0.018266668951133692
2020-02-25,PASS,2020-02-19,2020-02-25,,,2020-02-25,2020-02-25,80.0,GREED,"Policy Bias: EASING (완화) (MODERATE, score=-1.5) | REAL_RATEΔ N/A / FCI value=N/A (low-frequency) / DXYΔ -0.320 / US10YΔ -0.047",4.18,-0.7606298144679142,LOW,WEAK DEMAND + RISK-OFF (수요 둔화),2,🟡 VOL STRESS TRANSITION,3,2.0,🌱 LIGHT TRACE,CREDIT_STRESS,HARD RISK-OFF,0.8095444914434377,70,10,-10,-15,0,0,0,0,2,-20,0,0,37,20,-17,100,20,0,20,284.9865417480469,-0.003678344956796309,-0.03969292940715252,-0.21772011360785248,True,17,DEFENSIVE_SUCCESS,-0.0006253186426553725,DEFENSIVE_SUCCESS,-0.0067477979992159294,DEFENSIVE_SUCCESS,-0.037012419313334925
2020-02-27,PASS,2020-02-26,2020-02-27,,,2020-02-27,2020-02-27,90.0,GREED,"Policy Bias: EASING (완화) (MODERATE, score=-1.5) | REAL_RATEΔ N/A / FCI value=N/A (low-frequency) / DXYΔ -0.560 / US10YΔ -0.011",4.62,-0.6277499548158131,LOW,WEAK DEMAND + RISK-OFF (수요 둔화),2,🟡 VOL STRESS TRANSITION,2,2.0,🌱 LIGHT TRACE,CREDIT_STRESS,HARD RISK-OFF,-0.084532002798025,70,10,-10,-15,0,0,0,0,1,-20,0,0,36,20,-16,100,20,0,20,271.1861877441406,-0.004201669797165963,0.016637653609872016,-0.11688371974208633,True,16,DEFENSIVE_SUCCESS,-0.0006722671675465542,OPPORTUNITY_COST,0.0026620245775795227,DEFENSIVE_SUCCESS,-0.018701395158733813
2020-02-28,PASS,2020-02-26,2020-02-28,,,2020-02-28,2020-02-28,100.0,GREED,"Policy Bias: EASING (완화) (MODERATE, score=-1.5) | REAL_RATEΔ N/A / FCI value=N/A (low-frequency) / DXYΔ -0.310 / US10YΔ -0.172",5.04,-0.6277499548158131,LOW,WEAK DEMAND + RISK-OFF (수요 둔화),2,🟡 VOL STRESS TRANSITION,2,2.0,🌱 LIGHT TRACE,CREDIT_STRESS,HARD RISK-OFF,-0.1630910353597532,70,10,-10,-15,0,0,0,0,1,-20,0,0,36,20,-16,100,20,0,20,270.0467529296875,0.04330609979192879,0.004050337601589016,-0.13957278493171799,True,16,OPPORTUNITY_COST,0.006928975966708606,OPPORTUNITY_COST,0.0006480540162542425,DEFENSIVE_SUCCESS,-0.02233164558907488
2020-03-03,PASS,2020-02-26,2020-03-03,,,2020-03-03,2020-03-03,90.0,GREED,"Policy Bias: EASING (완화) (MODERATE, score=-1.5) | REAL_RATEΔ N/A / FCI value=N/A (low-frequency) / DXYΔ -0.210 / US10YΔ -0.078",4.84,-0.6277499548158131,LOW,NEUTRAL,2,🟡 VOL STRESS TRANSITION,3,2.0,🌱 LIGHT TRACE,CREDIT_STRESS,HARD RISK-OFF,0.0573717256982711,70,10,-10,-15,0,0,0,0,2,-20,0,0,37,20,-17,100,20,0,20,273.6745910644531,0.04203297386451421,-0.03936865456726191,-0.13647201438841716,True,17,OPPORTUNITY_COST,0.007145605556967417,DEFENSIVE_SUCCESS,-0.0066926712764345244,DEFENSIVE_SUCCESS,-0.02320024244603092
2020-03-05,PASS,2020-03-04,2020-03-05,,,2020-03-05,2020-03-05,100.0,GREED,"Policy Bias: EASING (완화) (MODERATE, score=-1.5) | REAL_RATEΔ N/A / FCI value=N/A (low-frequency) / DXYΔ -0.520 / US10YΔ -0.066",5.05,3.971674197222103,LOW,NEUTRAL,2,🟡 VOL STRESS TRANSITION,3,3.0,👀 EARLY TRACE,CREDIT_STRESS,HARD RISK-OFF,0.1751681919112378,70,10,-10,0,0,0,0,1,2,-20,0,0,53,20,-33,100,20,0,20,275.6980895996094,-0.016530967475917535,-0.179693051031788,-0.16249793144289804,True,33,DEFENSIVE_SUCCESS,-0.005455219267052787,DEFENSIVE_SUCCESS,-0.059298706840490045,DEFENSIVE_SUCCESS,-0.053624317376156354
2020-03-06,PASS,2020-03-04,2020-03-06,,,2020-03-06,2020-03-06,100.0,GREED,"Policy Bias: EASING (완화) (MODERATE, score=-1.5) | REAL_RATEΔ N/A / FCI value=N/A (low-frequency) / DXYΔ -0.870 / US10YΔ -0.220",5.64,3.971674197222103,LOW,WEAK DEMAND + RISK-OFF (수요 둔화),2,🟡 VOL STRESS TRANSITION,3,3.0,👀 EARLY TRACE,CREDIT_STRESS,HARD RISK-OFF,-0.1270899197388316,70,10,-10,0,0,0,0,1,2,-20,0,0,53,20,-33,100,20,0,20,271.1405334472656,-0.07809458089511523,-0.09460092948206766,-0.1607293094795308,True,33,DEFENSIVE_SUCCESS,-0.025771211695388027,DEFENSIVE_SUCCESS,-0.03121830672908233,DEFENSIVE_SUCCESS,-0.05304067212824516
2020-03-09,PASS,2020-03-04,2020-03-09,,,2020-03-09,2020-03-09,100.0,GREED,"Policy Bias: EASING (완화) (MODERATE, score=-1.5) | REAL_RATEΔ N/A / FCI value=N/A (low-frequency) / DXYΔ -1.050 / US10YΔ -0.207",6.68,3.971674197222103,LOW,WEAK DEMAND + RISK-OFF (수요 둔화),2,🟡 VOL STRESS TRANSITION,3,3.0,👀 EARLY TRACE,CREDIT_STRESS,HARD RISK-OFF,-1.50682621260571,70,10,-10,0,0,0,0,1,2,-20,0,0,53,20,-33,100,20,0,20,249.96592712402344,0.051744906395018386,-0.1253690154425955,-0.028488990229198152,True,33,OPPORTUNITY_COST,0.017075819110356067,DEFENSIVE_SUCCESS,-0.041371775096056516,DEFENSIVE_SUCCESS,-0.00940136677563539
2020-03-10,PASS,2020-03-04,2020-03-10,,,2020-03-10,2020-03-10,100.0,GREED,"Policy Bias: TIGHTENING (긴축) (MODERATE, score=+1.5) | REAL_RATEΔ N/A / FCI value=N/A (low-frequency) / DXYΔ +1.510 / US10YΔ +0.249",6.38,3.971674197222103,LOW,GLOBAL FINANCIAL TIGHTENING (글로벌 긴축 구조),2,🟡 VOL STRESS TRANSITION,3,3.0,👀 EARLY TRACE,CREDIT_STRESS,HARD RISK-OFF,-0.6683962121583185,70,-10,-10,0,0,0,0,1,2,-20,0,0,33,20,-13,100,20,0,20,262.900390625,-0.048748305226403166,-0.1235003575275807,-0.07534510697968155,True,13,DEFENSIVE_SUCCESS,-0.006337279679432412,DEFENSIVE_SUCCESS,-0.016055046478585494,DEFENSIVE_SUCCESS,-0.009794863907358602
2020-03-11,PASS,2020-03-11,2020-03-11,,,2020-03-11,2020-03-11,100.0,GREED,"Policy Bias: TIGHTENING (긴축) (MODERATE, score=+1.5) | REAL_RATEΔ N/A / FCI value=N/A (low-frequency) / DXYΔ +0.100 / US10YΔ +0.072",6.61,1.6645181485256937,MID,WEAK DEMAND + RISK-OFF (수요 둔화),2,🟡 VOL STRESS TRANSITION,3,3.0,👀 EARLY TRACE,CREDIT_STRESS,HARD RISK-OFF,-1.506905952444339,70,-10,-10,5,0,0,0,1,2,-20,0,0,38,20,-18,100,20,0,20,250.08444213867188,-0.09567721693612519,-0.1252367516977605,0.00467060259309382,True,18,DEFENSIVE_SUCCESS,-0.017221899048502534,DEFENSIVE_SUCCESS,-0.02254261530559689,OPPORTUNITY_COST,0.0008407084667568876
2020-03-12,PASS,2020-03-11,2020-03-12,,,2020-03-12,2020-03-12,100.0,GREED,"Policy Bias: TIGHTENING (긴축) (MODERATE, score=+1.5) | REAL_RATEΔ N/A / FCI value=N/A (low-frequency) / DXYΔ +0.960 / US10YΔ +0.029",7.42,1.6645181485256937,MID,GLOBAL FINANCIAL TIGHTENING (글로벌 긴축 구조),2,🟡 VOL STRESS TRANSITION,3,3.0,👀 EARLY TRACE,CREDIT_STRESS,HARD RISK-OFF,-3.018716955377606,70,-10,-10,5,0,0,0,1,2,-20,0,0,38,20,-18,100,20,0,20,226.1570587158203,0.08548629150401088,-0.030631594294990183,0.12787053124229786,True,18,OPPORTUNITY_COST,0.015387532470721959,DEFENSIVE_SUCCESS,-0.0055136869730982325,OPPORTUNITY_COST,0.023016695623613612
2020-03-13,PASS,2020-03-11,2020-03-13,,,2020-03-13,2020-03-13,100.0,GREED,"Policy Bias: TIGHTENING (긴축) (MODERATE, score=+1.5) | REAL_RATEΔ N/A / FCI value=N/A (low-frequency) / DXYΔ +1.280 / US10YΔ +0.102",7.31,1.6645181485256937,MID,GLOBAL FINANCIAL TIGHTENING (글로벌 긴축 구조),2,🟡 VOL STRESS TRANSITION,3,3.0,👀 EARLY TRACE,CREDIT_STRESS,HARD RISK-OFF,-1.7669197560131622,70,-10,-10,5,0,0,0,1,2,-20,0,0,38,20,-18,100,20,0,20,245.49038696289065,-0.10942360044697907,-0.1454571967058621,0.029559016780849934,True,18,DEFENSIVE_SUCCESS,-0.01969624808045623,DEFENSIVE_SUCCESS,-0.02618229540705518,OPPORTUNITY_COST,0.005320623020552988
2020-03-16,PASS,2020-03-11,2020-03-16,,,2020-03-16,2020-03-16,100.0,GREED,"Policy Bias: EASING (완화) (MODERATE, score=-1.5) | REAL_RATEΔ N/A / FCI value=N/A (low-frequency) / DXYΔ -0.660 / US10YΔ -0.223",8.38,1.6645181485256937,MID,WEAK DEMAND + RISK-OFF (수요 둔화),2,🟡 VOL STRESS TRANSITION,3,3.0,👀 EARLY TRACE,CREDIT_STRESS,HARD RISK-OFF,-3.4123879695690187,70,10,-10,5,0,0,0,1,2,-20,0,0,58,20,-38,100,20,0,20,218.62794494628903,0.053991969989393596,-0.06499490054474444,0.1901554166558197,True,38,OPPORTUNITY_COST,0.020516948595969565,DEFENSIVE_SUCCESS,-0.024698062207002887,OPPORTUNITY_COST,0.07225905832921149
2020-03-17,PASS,2020-03-11,2020-03-17,,,2020-03-17,2020-03-17,100.0,GREED,"Policy Bias: TIGHTENING (긴축) (MODERATE, score=+1.5) | REAL_RATEΔ N/A / FCI value=N/A (low-frequency) / DXYΔ +1.490 / US10YΔ +0.269",8.41,1.6645181485256937,MID,GLOBAL FINANCIAL TIGHTENING (글로벌 긴축 구조),2,🟡 VOL STRESS TRANSITION,3,3.0,👀 EARLY TRACE,CREDIT_STRESS,HARD RISK-OFF,-2.632533315369755,70,-10,-10,5,0,0,0,1,2,-20,0,0,38,20,-18,100,20,0,20,230.43209838867188,-0.05063278733813492,-0.03251655884364024,0.10519482772617827,True,18,DEFENSIVE_SUCCESS,-0.009113901720864286,DEFENSIVE_SUCCESS,-0.0058529805918552434,OPPORTUNITY_COST,0.018935068990712088
2020-03-18,PASS,2020-03-18,2020-03-18,,,2020-03-18,2020-03-18,100.0,GREED,"Policy Bias: TIGHTENING (긴축) (MODERATE, score=+1.5) | REAL_RATEΔ N/A / FCI value=N/A (low-frequency) / DXYΔ +1.580 / US10YΔ +0.269",9.04,9.520431864986053,HIGH,GLOBAL FINANCIAL TIGHTENING (글로벌 긴축 구조),2,🟡 VOL STRESS TRANSITION,3,3.0,👀 EARLY TRACE,CREDIT_STRESS,HARD RISK-OFF,-3.279864304265488,70,-10,-10,10,0,0,0,1,2,-20,0,0,43,20,-23,100,20,0,20,218.76467895507807,0.002124787664220751,0.03433802781928308,0.16975479184502307,True,23,OPPORTUNITY_COST,0.0004887011627707727,OPPORTUNITY_COST,0.007897746398435108,OPPORTUNITY_COST,0.03904360212435531
2020-03-19,PASS,2020-03-18,2020-03-19,,,2020-03-19,2020-03-19,100.0,GREED,"Policy Bias: MIXED (혼조) (WEAK, score=+0.5) | REAL_RATEΔ N/A / FCI value=N/A (low-frequency) / DXYΔ +1.600 / US10YΔ -0.147",9.82,9.520431864986053,HIGH,COST-PUSH STRUCTURE (비용 주도 구조),2,🟡 VOL STRESS TRANSITION,3,3.0,👀 EARLY TRACE,CREDIT_STRESS,HARD RISK-OFF,-3.179350875894716,70,0,-10,10,0,0,0,1,2,-20,0,0,53,20,-33,100,20,0,20,219.22950744628903,-0.04309394341713968,0.09241196665373241,0.19880911158401737,True,33,DEFENSIVE_SUCCESS,-0.014221001327656095,OPPORTUNITY_COST,0.030495948995731697,OPPORTUNITY_COST,0.06560700682272573
2020-03-20,PASS,2020-03-18,2020-03-20,,,2020-03-20,2020-03-20,100.0,GREED,"Policy Bias: MIXED (혼조) (WEAK, score=+0.5) | REAL_RATEΔ N/A / FCI value=N/A (low-frequency) / DXYΔ +0.060 / US10YΔ -0.181",10.09,9.520431864986053,HIGH,NEUTRAL,2,🟡 VOL STRESS TRANSITION,3,3.0,👀 EARLY TRACE,CREDIT_STRESS,HARD RISK-OFF,-3.634659221423461,70,0,-10,10,0,0,0,1,2,-20,0,0,53,20,-33,100,20,0,20,209.78204345703125,-0.025568442181405193,0.10760469167188669,0.23072551060220214,True,33,DEFENSIVE_SUCCESS,-0.008437585919863714,OPPORTUNITY_COST,0.03550954825172261,OPPORTUNITY_COST,0.07613941849872671
2020-03-23,PASS,2020-03-18,2020-03-23,,,2020-03-23,2020-03-23,100.0,GREED,"Policy Bias: EASING (완화) (MODERATE, score=-1.5) | REAL_RATEΔ N/A / FCI value=N/A (low-frequency) / DXYΔ -0.330 / US10YΔ -0.174",10.87,9.520431864986053,HIGH,COST-PUSH STRUCTURE (비용 주도 구조),2,🟡 VOL STRESS TRANSITION,3,3.0,👀 EARLY TRACE,CREDIT_STRESS,HARD RISK-OFF,-3.818542325751624,70,10,-10,10,0,0,0,1,2,-20,0,0,63,20,-43,100,20,0,20,204.41824340820312,0.09060344020648592,0.17358145114853962,0.22466934900797586,True,43,OPPORTUNITY_COST,0.03895947928878894,OPPORTUNITY_COST,0.07464002399387204,OPPORTUNITY_COST,0.09660782007342962
2020-03-24,PASS,2020-03-18,2020-03-24,,,2020-03-24,2020-03-24,100.0,GREED,"Policy Bias: MIXED (혼조) (WEAK, score=-0.5) | REAL_RATEΔ N/A / FCI value=N/A (low-frequency) / DXYΔ -0.750 / US10YΔ +0.052",10.55,9.520431864986053,HIGH,NEUTRAL,2,🟡 VOL STRESS TRANSITION,3,3.0,👀 EARLY TRACE,CREDIT_STRESS,HARD RISK-OFF,-2.723835424133859,70,0,-10,10,0,0,0,1,2,-20,0,0,53,20,-33,100,20,0,20,222.93923950195312,0.01496994020620468,0.060045189276293875,0.14785101118055421,True,33,OPPORTUNITY_COST,0.004940080268047545,OPPORTUNITY_COST,0.01981491246117698,OPPORTUNITY_COST,0.048790833689582896
2020-03-25,PASS,2020-03-25,2020-03-25,,,2020-03-25,2020-03-25,100.0,GREED,"Policy Bias: MIXED (혼조) (WEAK, score=-0.5) | REAL_RATEΔ N/A / FCI value=N/A (low-frequency) / DXYΔ -0.690 / US10YΔ +0.042",10.11,12.96656586507821,HIGH,NEUTRAL,2,🟡 VOL STRESS TRANSITION,2,3.0,👀 EARLY TRACE,CREDIT_STRESS,HARD RISK-OFF,-2.49985575036312,70,0,-10,10,0,0,0,-3,1,-20,0,0,48,20,-28,100,20,0,20,226.2766265869141,0.05839008204385032,-0.002593048273127896,0.1308403349727716,True,28,OPPORTUNITY_COST,0.01634922297227809,DEFENSIVE_SUCCESS,-0.000726053516475811,OPPORTUNITY_COST,0.036635293792376046
2020-03-26,PASS,2020-03-25,2020-03-26,,,2020-03-26,2020-03-26,100.0,GREED,"Policy Bias: EASING (완화) (MODERATE, score=-1.5) | REAL_RATEΔ N/A / FCI value=N/A (low-frequency) / DXYΔ -1.630 / US10YΔ -0.047",9.29,12.96656586507821,HIGH,NEUTRAL,2,🟡 VOL STRESS TRANSITION,2,2.0,🌱 LIGHT TRACE,CREDIT_STRESS,HARD RISK-OFF,-1.7595387023576248,70,10,-10,10,0,0,0,0,1,-20,0,0,61,20,-41,100,20,0,20,239.4889373779297,-0.029785767536933516,-0.035873126897122964,0.08334582657938783,True,41,DEFENSIVE_SUCCESS,-0.012212164690142741,DEFENSIVE_SUCCESS,-0.014707982027820414,OPPORTUNITY_COST,0.03417178889754901
2020-03-27,PASS,2020-03-25,2020-03-27,,,2020-03-27,2020-03-27,100.0,GREED,"Policy Bias: EASING (완화) (MODERATE, score=-1.5) | REAL_RATEΔ N/A / FCI value=N/A (low-frequency) / DXYΔ -1.050 / US10YΔ -0.062",8.99,12.96656586507821,HIGH,WEAK DEMAND + RISK-OFF (수요 둔화),2,🟡 VOL STRESS TRANSITION,2,2.0,🌱 LIGHT TRACE,CREDIT_STRESS,HARD RISK-OFF,-2.1257266210566668,70,10,-10,10,0,0,0,0,1,-20,0,0,61,20,-41,100,20,0,20,232.35557556152344,0.032475584717410744,-0.020637649066780117,0.132704149128674,True,41,OPPORTUNITY_COST,0.013314989734138404,DEFENSIVE_SUCCESS,-0.008461436117379848,OPPORTUNITY_COST,0.05440870114275634
2020-03-30,PASS,2020-03-25,2020-03-30,,,2020-03-30,2020-03-30,100.0,GREED,"Policy Bias: MIXED (혼조) (WEAK, score=+0.5) | REAL_RATEΔ N/A / FCI value=N/A (low-frequency) / DXYΔ +0.810 / US10YΔ -0.079",8.82,12.96656586507821,HIGH,NEUTRAL,2,🟡 VOL STRESS TRANSITION,2,2.0,🌱 LIGHT TRACE,CREDIT_STRESS,HARD RISK-OFF,-1.7034070644574266,70,0,-10,10,0,0,0,0,1,-20,0,0,51,20,-31,100,20,0,20,239.9014587402344,-0.014905246612715972,0.012268335273055486,0.09203099162698902,True,31,DEFENSIVE_SUCCESS,-0.004620626449941951,OPPORTUNITY_COST,0.0038031839346472007,OPPORTUNITY_COST,0.028529607404366598
2020-03-31,PASS,2020-03-25,2020-03-31,,,2020-03-31,2020-03-31,100.0,GREED,"Policy Bias: MIXED (혼조) (WEAK, score=-0.5) | REAL_RATEΔ N/A / FCI value=N/A (low-frequency) / DXYΔ -0.130 / US10YΔ +0.028",8.77,12.96656586507821,HIGH,NEUTRAL,2,🟡 VOL STRESS TRANSITION,2,2.0,🌱 LIGHT TRACE,CREDIT_STRESS,HARD RISK-OFF,-1.878413135778069,70,0,-10,10,0,0,0,0,1,-20,0,0,51,20,-31,100,20,0,20,236.3256683349609,-0.04500479376109234,0.028631947943157154,0.1375752291846526,True,31,DEFENSIVE_SUCCESS,-0.013951486065938627,OPPORTUNITY_COST,0.008875903862378718,OPPORTUNITY_COST,0.0426483210472423
2020-04-01,PASS,2020-04-01,2020-04-01,,,2020-04-01,2020-04-01,100.0,GREED,"Policy Bias: MIXED (혼조) (WEAK, score=+0.5) | REAL_RATEΔ N/A / FCI value=N/A (low-frequency) / DXYΔ +0.620 / US10YΔ -0.063",9.11,10.654012975682702,HIGH,NEUTRAL,2,🟡 VOL STRESS TRANSITION,2,2.0,🌱 LIGHT TRACE,CREDIT_STRESS,HARD RISK-OFF,-2.4129941193729585,70,0,-10,10,0,0,0,0,1,-20,0,0,51,20,-31,100,20,0,20,225.6898803710937,0.02307520371430627,0.11326430218976502,0.1800931551290088,True,31,OPPORTUNITY_COST,0.007153313151434943,OPPORTUNITY_COST,0.03511193367882716,OPPORTUNITY_COST,0.05582887808999273
2020-04-02,PASS,2020-04-01,2020-04-02,,,2020-04-02,2020-04-02,100.0,GREED,"Policy Bias: MIXED (혼조) (WEAK, score=+0.5) | REAL_RATEΔ N/A / FCI value=N/A (low-frequency) / DXYΔ +0.510 / US10YΔ -0.008",9.17,10.654012975682702,HIGH,SYSTEMIC HEDGE (시스템적 위험 회피),2,🟡 VOL STRESS TRANSITION,2,2.0,🌱 LIGHT TRACE,CREDIT_STRESS,HARD RISK-OFF,-2.1120154727961333,70,0,-10,10,-20,0,0,0,1,-20,0,0,31,20,-11,30,20,0,20,230.8977203369141,-0.014454095075816742,0.10471373032966369,0.12294020008970308,True,11,DEFENSIVE_SUCCESS,-0.0015899504583398417,OPPORTUNITY_COST,0.011518510336263006,OPPORTUNITY_COST,0.013523422009867338
2020-04-03,PASS,2020-04-01,2020-04-03,,,2020-04-03,2020-04-03,100.0,GREED,"Policy Bias: MIXED (혼조) (WEAK, score=+0.5) | REAL_RATEΔ N/A / FCI value=N/A (low-frequency) / DXYΔ +0.400 / US10YΔ -0.040",9.43,10.654012975682702,HIGH,COST-PUSH STRUCTURE (비용 주도 구조),2,🟡 VOL STRESS TRANSITION,2,2.0,🌱 LIGHT TRACE,CREDIT_STRESS,HARD RISK-OFF,-2.257669489479297,70,0,-10,10,0,0,0,0,1,-20,0,0,51,20,-31,100,20,0,20,227.560302734375,0.06716614167990764,0.11068072240037696,0.14255200963000236,True,31,OPPORTUNITY_COST,0.02082150392077137,OPPORTUNITY_COST,0.03431102394411686,OPPORTUNITY_COST,0.04419112298530073
2020-04-06,PASS,2020-04-01,2020-04-06,,,2020-04-06,2020-04-06,100.0,GREED,"Policy Bias: TIGHTENING (긴축) (MODERATE, score=+1.5) | REAL_RATEΔ N/A / FCI value=N/A (low-frequency) / DXYΔ +0.110 / US10YΔ +0.089",9.26,10.654012975682702,HIGH,NEUTRAL,2,🟡 VOL STRESS TRANSITION,2,2.0,🌱 LIGHT TRACE,CREDIT_STRESS,HARD RISK-OFF,-1.4532442965146846,70,-10,-10,10,0,0,0,0,1,-20,0,0,41,20,-21,100,20,0,20,242.8446502685547,0.0010190971863326403,0.071471957987987,0.08053305713384673,True,21,OPPORTUNITY_COST,0.00021401040912985447,OPPORTUNITY_COST,0.01500911117747727,OPPORTUNITY_COST,0.01691194199810781
2020-04-07,PASS,2020-04-01,2020-04-07,,,2020-04-07,2020-04-07,100.0,GREED,"Policy Bias: MIXED (혼조) (WEAK, score=-0.5) | REAL_RATEΔ N/A / FCI value=N/A (low-frequency) / DXYΔ -0.710 / US10YΔ +0.060",8.88,10.654012975682702,HIGH,WEAK DEMAND + RISK-OFF (수요 둔화),2,🟡 VOL STRESS TRANSITION,2,2.0,🌱 LIGHT TRACE,CREDIT_STRESS,HARD RISK-OFF,-1.4313785189153356,70,0,-10,10,0,0,0,0,1,-20,0,0,51,20,-31,100,20,0,20,243.09213256835932,0.033568978675042604,0.04763720894848067,0.07211608654819202,True,31,OPPORTUNITY_COST,0.010406383389263207,OPPORTUNITY_COST,0.014767534774029008,OPPORTUNITY_COST,0.022355986829939525
2020-04-08,PASS,2020-04-08,2020-04-08,,,2020-04-08,2020-04-08,100.0,GREED,"Policy Bias: TIGHTENING (긴축) (MODERATE, score=+1.5) | REAL_RATEΔ N/A / FCI value=N/A (low-frequency) / DXYΔ +0.140 / US10YΔ +0.028",8.81,0.0441710631405084,HIGH,NEUTRAL,2,🟡 VOL STRESS TRANSITION,2,2.0,🌱 LIGHT TRACE,CREDIT_STRESS,HARD RISK-OFF,-1.0058238678945093,70,-10,-10,10,0,0,0,0,1,-20,0,0,41,20,-21,100,20,0,20,251.2524871826172,0.015217341003321838,0.01850148575104371,0.04981202876239599,True,21,OPPORTUNITY_COST,0.0031956416106975858,OPPORTUNITY_COST,0.003885312007719179,OPPORTUNITY_COST,0.010460526040103156
2020-04-09,PASS,2020-04-08,2020-04-09,,,2020-04-09,2020-04-09,100.0,GREED,"Policy Bias: EASING (완화) (MODERATE, score=-1.5) | REAL_RATEΔ N/A / FCI value=N/A (low-frequency) / DXYΔ -0.600 / US10YΔ -0.035",7.96,0.0441710631405084,HIGH,NEUTRAL,2,🟡 VOL STRESS TRANSITION,2,2.0,🌱 LIGHT TRACE,CREDIT_STRESS,HARD RISK-OFF,-0.805882852971552,70,10,-10,10,0,0,0,0,1,-20,0,0,61,20,-41,100,20,0,20,255.0758819580078,-0.009130775161750315,0.03033783138287305,0.05118590425966252,True,41,DEFENSIVE_SUCCESS,-0.003743617816317629,OPPORTUNITY_COST,0.01243851086697795,OPPORTUNITY_COST,0.020986220746461632
2020-04-10,PASS,2020-04-08,2020-04-09,,,2020-04-10,2020-04-10,70.0,NEUTRAL,"Policy Bias: MIXED (혼조) (WEAK, score=+0.0) | REAL_RATEΔ N/A / FCI value=N/A (low-frequency) / DXYΔ N/A / US10YΔ N/A",7.96,0.0441710631405084,HIGH,NEUTRAL,2,🟡 TRANSITION,2,2.0,🌱 LIGHT TRACE,CREDIT_STRESS,HARD RISK-OFF,0.0,55,0,-10,10,0,0,0,0,1,-20,0,0,36,20,-16,100,20,0,20,,,,,True,16,N/A,,N/A,,N/A,
2020-04-13,PASS,2020-04-08,2020-04-13,,,2020-04-13,2020-04-13,100.0,GREED,"Policy Bias: MIXED (혼조) (WEAK, score=-0.5) | REAL_RATEΔ N/A / FCI value=N/A (low-frequency) / DXYΔ -0.170 / US10YΔ +0.020",7.7,0.0441710631405084,HIGH,NEUTRAL,2,🟡 VOL STRESS TRANSITION,2,2.0,🌱 LIGHT TRACE,CREDIT_STRESS,HARD RISK-OFF,-0.922827319616928,70,0,-10,10,0,0,0,0,1,-20,0,0,51,20,-31,100,20,0,20,252.7468414306641,0.029493509937836837,0.021512716389991526,0.06109019327859899,True,31,OPPORTUNITY_COST,0.00914298808072942,OPPORTUNITY_COST,0.006668942080897373,OPPORTUNITY_COST,0.01893795991636569
2020-04-14,PASS,2020-04-08,2020-04-14,,,2020-04-14,2020-04-14,100.0,GREED,"Policy Bias: MIXED (혼조) (WEAK, score=-0.5) | REAL_RATEΔ N/A / FCI value=N/A (low-frequency) / DXYΔ -0.460 / US10YΔ +0.003",7.35,0.0441710631405084,HIGH,NEUTRAL,2,🟡 VOL STRESS TRANSITION,2,2.0,🌱 LIGHT TRACE,CREDIT_STRESS,HARD RISK-OFF,-0.5386331780663569,70,0,-10,10,0,0,0,0,1,-20,0,0,51,20,-31,100,20,0,20,260.20123291015625,-0.021248437476909632,-0.03788020417828486,0.01014804356510246,True,31,DEFENSIVE_SUCCESS,-0.006587015617841986,DEFENSIVE_SUCCESS,-0.011742863295268307,OPPORTUNITY_COST,0.0031458935051817626
2020-04-15,PASS,2020-04-15,2020-04-15,,,2020-04-15,2020-04-15,100.0,GREED,"Policy Bias: MIXED (혼조) (WEAK, score=+0.5) | REAL_RATEΔ N/A / FCI value=N/A (low-frequency) / DXYΔ +0.570 / US10YΔ -0.114",7.64,1.7375646324816336,HIGH,NEUTRAL,2,🟡 VOL STRESS TRANSITION,2,2.0,🌱 LIGHT TRACE,CREDIT_STRESS,HARD RISK-OFF,-0.8198924319409727,70,0,-10,10,0,0,0,0,1,-20,0,0,51,20,-31,100,20,0,20,254.67236328125,0.004824505482496244,0.004824505482496244,0.013825232136112309,True,31,OPPORTUNITY_COST,0.0014955966995738356,OPPORTUNITY_COST,0.0014955966995738356,OPPORTUNITY_COST,0.0042858219621948156
2020-04-16,PASS,2020-04-15,2020-04-16,,,2020-04-16,2020-04-16,100.0,GREED,"Policy Bias: MIXED (혼조) (WEAK, score=+0.5) | REAL_RATEΔ N/A / FCI value=N/A (low-frequency) / DXYΔ +0.570 / US10YΔ -0.029",7.58,1.7375646324816336,HIGH,NEUTRAL,2,🟡 VOL STRESS TRANSITION,2,2.0,🌱 LIGHT TRACE,CREDIT_STRESS,HARD RISK-OFF,-0.7543407714087699,70,0,-10,10,0,0,0,0,1,-20,0,0,51,20,-31,100,20,0,20,255.90103149414065,0.027015520493144818,-7.149360820912776e-05,0.021031642629748326,True,31,OPPORTUNITY_COST,0.008374811352874894,DEFENSIVE_SUCCESS,-2.2163018544829603e-05,OPPORTUNITY_COST,0.006519809215221981
2020-04-17,PASS,2020-04-15,2020-04-17,,,2020-04-17,2020-04-17,100.0,GREED,"Policy Bias: MIXED (혼조) (WEAK, score=-0.5) | REAL_RATEΔ N/A / FCI value=N/A (low-frequency) / DXYΔ -0.250 / US10YΔ +0.045",7.31,1.7375646324816336,HIGH,NEUTRAL,2,🟡 VOL STRESS TRANSITION,2,2.0,🌱 LIGHT TRACE,CREDIT_STRESS,HARD RISK-OFF,-0.3998898352162358,70,0,-10,10,0,0,0,0,1,-20,0,0,51,20,-31,100,20,0,20,262.8143310546875,-0.01761783114063098,-0.01280367863073184,-0.0012560526713036868,True,31,DEFENSIVE_SUCCESS,-0.005461527653595604,DEFENSIVE_SUCCESS,-0.00396914037552687,DEFENSIVE_SUCCESS,-0.0003893763281041429
2020-04-20,PASS,2020-04-15,2020-04-20,,,2020-04-20,2020-04-20,100.0,GREED,"Policy Bias: MIXED (혼조) (WEAK, score=+0.5) | REAL_RATEΔ N/A / FCI value=N/A (low-frequency) / DXYΔ +0.180 / US10YΔ -0.028",7.52,1.7375646324816336,HIGH,WEAK DEMAND + RISK-OFF (수요 둔화),2,🟡 VOL STRESS TRANSITION,2,2.0,🌱 LIGHT TRACE,CREDIT_STRESS,HARD RISK-OFF,-0.6364172493175356,70,0,-10,10,0,0,0,0,1,-20,0,0,51,20,-31,100,20,0,20,258.1841125488281,-0.030363430930582358,0.019389310649174263,0.047622407899976515,True,31,DEFENSIVE_SUCCESS,-0.009412663588480532,OPPORTUNITY_COST,0.006010686301244021,OPPORTUNITY_COST,0.01476294644899272
2020-04-21,PASS,2020-04-15,2020-04-21,,,2020-04-21,2020-04-21,100.0,GREED,"Policy Bias: MIXED (혼조) (WEAK, score=+0.5) | REAL_RATEΔ N/A / FCI value=N/A (low-frequency) / DXYΔ +0.300 / US10YΔ -0.055",7.9,1.7375646324816336,HIGH,WEAK DEMAND + RISK-OFF (수요 둔화),2,🟡 VOL STRESS TRANSITION,3,2.0,🌱 LIGHT TRACE,CREDIT_STRESS,HARD RISK-OFF,-1.0333937595163498,70,0,-10,10,0,0,0,0,2,-20,0,0,52,20,-32,100,20,0,20,250.34475708007807,0.022194490824847923,0.04647619121921376,0.06933066058683512,True,32,OPPORTUNITY_COST,0.0071022370639513355,OPPORTUNITY_COST,0.014872381190148403,OPPORTUNITY_COST,0.02218581138778724
2020-04-22,PASS,2020-04-22,2020-04-22,,,2020-04-22,2020-04-22,100.0,GREED,"Policy Bias: TIGHTENING (긴축) (MODERATE, score=+1.5) | REAL_RATEΔ N/A / FCI value=N/A (low-frequency) / DXYΔ +0.130 / US10YΔ +0.048",7.85,3.536379886864697,HIGH,NEUTRAL,2,🟡 VOL STRESS TRANSITION,2,3.0,👀 EARLY TRACE,CREDIT_STRESS,HARD RISK-OFF,-0.7469050925760491,70,-10,-10,10,0,0,0,-3,1,-20,0,0,38,20,-18,100,20,0,20,255.90103149414065,-7.149360820912776e-05,0.05055546180756587,0.06388380231510471,True,18,DEFENSIVE_SUCCESS,-1.2868849477642996e-05,OPPORTUNITY_COST,0.009099983125361857,OPPORTUNITY_COST,0.011499084416718847
2020-04-23,PASS,2020-04-22,2020-04-23,,,2020-04-23,2020-04-23,100.0,GREED,"Policy Bias: MIXED (혼조) (WEAK, score=+0.5) | REAL_RATEΔ N/A / FCI value=N/A (low-frequency) / DXYΔ +0.040 / US10YΔ -0.006",7.87,3.536379886864697,HIGH,COST-PUSH STRUCTURE (비용 주도 구조),2,🟡 VOL STRESS TRANSITION,2,2.0,🌱 LIGHT TRACE,CREDIT_STRESS,HARD RISK-OFF,-0.7469441033533194,70,0,-10,10,0,0,0,0,1,-20,0,0,51,20,-31,100,20,0,20,255.8827362060547,0.013938433937120909,0.040848190685833785,0.05661464235344438,True,31,OPPORTUNITY_COST,0.004320914520507482,OPPORTUNITY_COST,0.012662939112608473,OPPORTUNITY_COST,0.017550539129567756
2020-04-24,PASS,2020-04-22,2020-04-24,,,2020-04-24,2020-04-24,100.0,GREED,"Policy Bias: EASING (완화) (MODERATE, score=-1.5) | REAL_RATEΔ N/A / FCI value=N/A (low-frequency) / DXYΔ -0.050 / US10YΔ -0.017",8.03,3.536379886864697,HIGH,COST-PUSH STRUCTURE (비용 주도 구조),2,🟡 VOL STRESS TRANSITION,2,2.0,🌱 LIGHT TRACE,CREDIT_STRESS,HARD RISK-OFF,-0.564969549564056,70,10,-10,10,0,0,0,0,1,-20,0,0,61,20,-41,100,20,0,20,259.4493408203125,0.014418166103559393,-0.0006359952366814525,0.044068106420928954,True,41,OPPORTUNITY_COST,0.005911448102459351,DEFENSIVE_SUCCESS,-0.00026075804703939553,OPPORTUNITY_COST,0.01806792363258087
2020-04-27,PASS,2020-04-22,2020-04-27,,,2020-04-27,2020-04-27,100.0,GREED,"Policy Bias: MIXED (혼조) (WEAK, score=-0.5) | REAL_RATEΔ N/A / FCI value=N/A (low-frequency) / DXYΔ -0.340 / US10YΔ +0.060",8.01,3.536379886864697,HIGH,NEUTRAL,2,🟡 VOL STRESS TRANSITION,2,2.0,🌱 LIGHT TRACE,CREDIT_STRESS,HARD RISK-OFF,-0.3751711595412625,70,0,-10,10,0,0,0,0,1,-20,0,0,51,20,-31,100,20,0,20,263.19012451171875,-0.004598563996672578,-0.012122959843065106,0.04190932646151868,True,31,DEFENSIVE_SUCCESS,-0.0014255548389684992,DEFENSIVE_SUCCESS,-0.003758117551350183,OPPORTUNITY_COST,0.012991891203070791
2020-04-28,PASS,2020-04-22,2020-04-28,,,2020-04-28,2020-04-28,100.0,GREED,"Policy Bias: EASING (완화) (MODERATE, score=-1.5) | REAL_RATEΔ N/A / FCI value=N/A (low-frequency) / DXYΔ -0.170 / US10YΔ -0.046",8.02,3.536379886864697,HIGH,NEUTRAL,2,🟡 VOL STRESS TRANSITION,2,2.0,🌱 LIGHT TRACE,CREDIT_STRESS,HARD RISK-OFF,-0.4378790059647846,70,10,-10,10,0,0,0,0,1,-20,0,0,61,20,-41,100,20,0,20,261.9798278808594,0.026179108876348334,0.0016102174195400387,0.0622968808517157,True,41,OPPORTUNITY_COST,0.010733434639302816,OPPORTUNITY_COST,0.0006601891420114158,OPPORTUNITY_COST,0.025541721149203434
2020-04-29,PASS,2020-04-29,2020-04-29,,,2020-04-29,2020-04-29,100.0,GREED,"Policy Bias: MIXED (혼조) (WEAK, score=-0.5) | REAL_RATEΔ N/A / FCI value=N/A (low-frequency) / DXYΔ -0.300 / US10YΔ +0.017",7.87,-0.2357917898175492,HIGH,NEUTRAL,2,🟡 VOL STRESS TRANSITION,2,2.0,🌱 LIGHT TRACE,CREDIT_STRESS,HARD RISK-OFF,-0.0906055078484056,70,0,-10,-5,0,0,0,0,1,-20,0,0,36,20,-16,100,20,0,20,268.8382263183594,-0.009310964980042136,-0.03055830486244604,0.03328656074592162,True,16,DEFENSIVE_SUCCESS,-0.0014897543968067418,DEFENSIVE_SUCCESS,-0.004889328777991367,OPPORTUNITY_COST,0.00532584971934746
2020-04-30,PASS,2020-04-29,2020-04-30,,,2020-04-30,2020-04-30,100.0,GREED,"Policy Bias: EASING (완화) (MODERATE, score=-1.5) | REAL_RATEΔ N/A / FCI value=N/A (low-frequency) / DXYΔ -0.550 / US10YΔ -0.005",7.63,-0.2357917898175492,HIGH,COST-PUSH STRUCTURE (비용 주도 구조),2,🟡 VOL STRESS TRANSITION,2,2.0,🌱 LIGHT TRACE,CREDIT_STRESS,HARD RISK-OFF,-0.22165747941099,70,10,-10,-5,0,0,0,0,1,-20,0,0,46,20,-26,100,20,0,20,266.3350830078125,-0.02647323308966787,-0.009638984387783212,0.04764549455797629,True,26,DEFENSIVE_SUCCESS,-0.006883040603313646,DEFENSIVE_SUCCESS,-0.002506135940823635,OPPORTUNITY_COST,0.012387828585073835
2020-05-01,PASS,2020-04-29,2020-05-01,,,2020-05-01,2020-05-01,100.0,GREED,"Policy Bias: MIXED (혼조) (WEAK, score=-0.5) | REAL_RATEΔ N/A / FCI value=N/A (low-frequency) / DXYΔ -0.220 / US10YΔ +0.020",7.7,-0.2357917898175492,HIGH,NEUTRAL,2,🟡 VOL STRESS TRANSITION,2,2.0,🌱 LIGHT TRACE,CREDIT_STRESS,HARD RISK-OFF,-0.5844385125882579,70,0,-10,-5,0,0,0,0,1,-20,0,0,36,20,-16,100,20,0,20,259.2843322753906,0.002758164828184473,0.03412408022429725,0.0804835886603339,True,16,OPPORTUNITY_COST,0.00044130637250951567,OPPORTUNITY_COST,0.00545985283588756,OPPORTUNITY_COST,0.012877374185653424
2020-05-05,PASS,2020-04-29,2020-05-05,,,2020-05-05,2020-05-05,100.0,GREED,"Policy Bias: TIGHTENING (긴축) (MODERATE, score=+1.5) | REAL_RATEΔ N/A / FCI value=N/A (low-frequency) / DXYΔ +0.230 / US10YΔ +0.020",7.6,-0.2357917898175492,HIGH,GLOBAL FINANCIAL TIGHTENING (글로벌 긴축 구조),2,🟡 VOL STRESS TRANSITION,2,2.0,🌱 LIGHT TRACE,CREDIT_STRESS,HARD RISK-OFF,-0.4262387912372267,70,-10,-10,-5,0,0,0,0,1,-20,0,0,26,20,-6,100,20,0,20,262.40167236328125,-0.00677848775664458,0.0016771767884593558,0.09081375580371098,True,6,DEFENSIVE_SUCCESS,-0.00040670926539867477,OPPORTUNITY_COST,0.00010063060730756134,OPPORTUNITY_COST,0.005448825348222659
2020-05-06,PASS,2020-05-06,2020-05-06,,,2020-05-06,2020-05-06,100.0,GREED,"Policy Bias: TIGHTENING (긴축) (MODERATE, score=+1.5) | REAL_RATEΔ N/A / FCI value=N/A (low-frequency) / DXYΔ +0.380 / US10YΔ +0.054",7.6,-1.1397478223848108,HIGH,GLOBAL FINANCIAL TIGHTENING (글로벌 긴축 구조),2,🟡 VOL STRESS TRANSITION,2,2.0,🌱 LIGHT TRACE,CREDIT_STRESS,HARD RISK-OFF,-0.5192024072774654,70,-10,-10,-5,0,0,0,0,1,-20,0,0,26,20,-6,100,20,0,20,260.6229858398437,0.01206684610263098,-0.00932273110811166,0.09537377457437857,True,6,OPPORTUNITY_COST,0.0007240107661578587,DEFENSIVE_SUCCESS,-0.0005593638664866996,OPPORTUNITY_COST,0.005722426474462714
2020-05-07,PASS,2020-05-06,2020-05-07,,,2020-05-07,2020-05-07,100.0,GREED,"Policy Bias: EASING (완화) (MODERATE, score=-1.5) | REAL_RATEΔ N/A / FCI value=N/A (low-frequency) / DXYΔ -0.200 / US10YΔ -0.080",7.6,-1.1397478223848108,HIGH,NEUTRAL,2,🟡 VOL STRESS TRANSITION,2,2.0,🌱 LIGHT TRACE,CREDIT_STRESS,HARD RISK-OFF,-0.3590587652795826,70,10,-10,-5,0,0,0,0,1,-20,0,0,46,20,-26,100,20,0,20,263.76788330078125,0.016545942877743913,-0.009420528127142558,0.1100526359267795,True,26,OPPORTUNITY_COST,0.004301945148213418,DEFENSIVE_SUCCESS,-0.0024493373130570653,OPPORTUNITY_COST,0.02861368534096267
2020-05-08,PASS,2020-05-06,2020-05-08,,,2020-05-08,2020-05-08,90.0,GREED,"Policy Bias: MIXED (혼조) (WEAK, score=-0.5) | REAL_RATEΔ N/A / FCI value=N/A (low-frequency) / DXYΔ -0.160 / US10YΔ +0.051",7.52,-1.1397478223848108,HIGH,NEUTRAL,2,🟡 VOL STRESS TRANSITION,2,2.0,🌱 LIGHT TRACE,CREDIT_STRESS,HARD RISK-OFF,-0.1370321166627411,70,0,-10,-5,0,0,0,0,1,-20,0,0,36,20,-16,100,20,0,20,268.1321716308594,0.00020520921836686412,-0.02106404906355508,0.10518412206477112,True,16,OPPORTUNITY_COST,3.283347493869826e-05,DEFENSIVE_SUCCESS,-0.0033702478501688128,OPPORTUNITY_COST,0.01682945953036338
2020-05-11,PASS,2020-05-06,2020-05-11,,,2020-05-11,2020-05-11,90.0,GREED,"Policy Bias: TIGHTENING (긴축) (MODERATE, score=+1.5) | REAL_RATEΔ N/A / FCI value=N/A (low-frequency) / DXYΔ +0.510 / US10YΔ +0.044",7.51,-1.1397478223848108,HIGH,GLOBAL FINANCIAL TIGHTENING (글로벌 긴축 구조),2,🟡 VOL STRESS TRANSITION,2,2.0,🌱 LIGHT TRACE,CREDIT_STRESS,HARD RISK-OFF,-0.1375304580132327,70,-10,-10,-5,0,0,0,0,1,-20,0,0,26,20,-6,100,20,0,20,268.18719482421875,-0.019931706546617578,0.00854726433603803,0.09671791785987138,True,6,DEFENSIVE_SUCCESS,-0.0011959023927970546,OPPORTUNITY_COST,0.0005128358601622818,OPPORTUNITY_COST,0.005803075071592283
2020-05-12,PASS,2020-05-06,2020-05-12,,,2020-05-12,2020-05-12,100.0,GREED,"Policy Bias: EASING (완화) (MODERATE, score=-1.5) | REAL_RATEΔ N/A / FCI value=N/A (low-frequency) / DXYΔ -0.310 / US10YΔ -0.048",7.42,-1.1397478223848108,HIGH,COST-PUSH STRUCTURE (비용 주도 구조),2,🟡 VOL STRESS TRANSITION,2,2.0,🌱 LIGHT TRACE,CREDIT_STRESS,HARD RISK-OFF,-0.4157187815680115,70,10,-10,-5,0,0,0,0,1,-20,0,0,46,20,-26,100,20,0,20,262.8417663574219,-0.017685539857600352,0.01848853084810176,0.11277797148174473,True,26,DEFENSIVE_SUCCESS,-0.004598240362976092,OPPORTUNITY_COST,0.004807018020506457,OPPORTUNITY_COST,0.02932227258525363
2020-05-13,PASS,2020-05-13,2020-05-13,,,2020-05-13,2020-05-13,100.0,GREED,"Policy Bias: MIXED (혼조) (WEAK, score=+0.5) | REAL_RATEΔ N/A / FCI value=N/A (low-frequency) / DXYΔ +0.310 / US10YΔ -0.029",7.61,2.910125514512595,HIGH,SYSTEMIC HEDGE (시스템적 위험 회피),2,🟡 VOL STRESS TRANSITION,2,2.0,🌱 LIGHT TRACE,CREDIT_STRESS,HARD RISK-OFF,-0.6539563136338683,70,0,-10,10,-20,0,0,0,1,-20,0,0,31,20,-11,30,20,0,20,258.1932678222656,0.01196693756155831,0.05443865635471834,0.06750718665153266,True,11,OPPORTUNITY_COST,0.0013163631317714142,OPPORTUNITY_COST,0.005988252199019018,OPPORTUNITY_COST,0.007425790531668593
2020-05-14,PASS,2020-05-13,2020-05-14,,,2020-05-14,2020-05-14,100.0,GREED,"Policy Bias: MIXED (혼조) (WEAK, score=+0.5) | REAL_RATEΔ N/A / FCI value=N/A (low-frequency) / DXYΔ +0.230 / US10YΔ -0.030",7.77,2.910125514512595,HIGH,SYSTEMIC HEDGE (시스템적 위험 회피),2,🟡 VOL STRESS TRANSITION,2,2.0,🌱 LIGHT TRACE,CREDIT_STRESS,HARD RISK-OFF,-0.4969190861748265,70,0,-10,10,-20,0,0,0,1,-20,0,0,31,20,-11,30,20,0,20,261.2830505371094,0.004597205492399059,0.034776060846630985,0.06751584932145094,True,11,OPPORTUNITY_COST,0.0005056926041638965,OPPORTUNITY_COST,0.0038253666931294082,OPPORTUNITY_COST,0.007426743425359603
2020-05-15,PASS,2020-05-13,2020-05-15,,,2020-05-15,2020-05-15,100.0,GREED,"Policy Bias: MIXED (혼조) (WEAK, score=-0.5) | REAL_RATEΔ N/A / FCI value=N/A (low-frequency) / DXYΔ -0.070 / US10YΔ +0.021",7.78,2.910125514512595,HIGH,NEUTRAL,2,🟡 VOL STRESS TRANSITION,2,2.0,🌱 LIGHT TRACE,CREDIT_STRESS,HARD RISK-OFF,-0.4382227865090519,70,0,-10,10,0,0,0,0,1,-20,0,0,51,20,-31,100,20,0,20,262.4842224121094,0.03045988510981701,0.03199643579767808,0.07255109618172506,True,31,OPPORTUNITY_COST,0.009442564384043273,OPPORTUNITY_COST,0.009918895097280205,OPPORTUNITY_COST,0.02249083981633477
2020-05-18,PASS,2020-05-13,2020-05-18,,,2020-05-18,2020-05-18,90.0,GREED,"Policy Bias: MIXED (혼조) (WEAK, score=-0.5) | REAL_RATEΔ N/A / FCI value=N/A (low-frequency) / DXYΔ -0.730 / US10YΔ +0.104",7.41,2.910125514512595,HIGH,NEUTRAL,2,🟡 VOL STRESS TRANSITION,2,2.0,🌱 LIGHT TRACE,CREDIT_STRESS,HARD RISK-OFF,-0.0274813935915656,70,0,-10,10,0,0,0,0,1,-20,0,0,51,20,-31,100,20,0,20,270.4794616699219,-0.010271157705946443,0.013830194974179921,0.0608812679036419,True,31,DEFENSIVE_SUCCESS,-0.0031840588888433973,OPPORTUNITY_COST,0.0042873604419957755,OPPORTUNITY_COST,0.018873193050128988
2020-05-19,PASS,2020-05-13,2020-05-19,,,2020-05-19,2020-05-19,100.0,GREED,"Policy Bias: EASING (완화) (MODERATE, score=-1.5) | REAL_RATEΔ N/A / FCI value=N/A (low-frequency) / DXYΔ -0.300 / US10YΔ -0.033",7.35,2.910125514512595,HIGH,COST-PUSH STRUCTURE (비용 주도 구조),2,🟡 VOL STRESS TRANSITION,2,2.0,🌱 LIGHT TRACE,CREDIT_STRESS,HARD RISK-OFF,-0.1769010894172117,70,10,-10,10,0,0,0,0,1,-20,0,0,61,20,-41,100,20,0,20,267.7013244628906,0.01698773044390922,0.03959274225587506,0.06743815604060943,True,41,OPPORTUNITY_COST,0.00696496948200278,OPPORTUNITY_COST,0.016233024324908772,OPPORTUNITY_COST,0.027649643976649867
2020-05-20,PASS,2020-05-20,2020-05-20,,,2020-05-20,2020-05-20,90.0,GREED,"Policy Bias: EASING (완화) (MODERATE, score=-1.5) | REAL_RATEΔ N/A / FCI value=N/A (low-frequency) / DXYΔ -0.250 / US10YΔ -0.031",7.16,1.4959753356389909,HIGH,COST-PUSH STRUCTURE (비용 주도 구조),2,🟡 VOL STRESS TRANSITION,2,2.0,🌱 LIGHT TRACE,CREDIT_STRESS,HARD RISK-OFF,0.0551424907271741,70,10,-10,10,0,0,0,0,1,-20,0,0,61,20,-41,100,20,0,20,272.2489624023437,-0.006903668557549203,0.020341542602477558,0.05001213982114683,True,41,DEFENSIVE_SUCCESS,-0.002830504108595173,OPPORTUNITY_COST,0.008340032467015798,OPPORTUNITY_COST,0.0205049773266702
2020-05-21,PASS,2020-05-20,2020-05-21,,,2020-05-21,2020-05-21,90.0,GREED,"Policy Bias: MIXED (혼조) (WEAK, score=+0.5) | REAL_RATEΔ N/A / FCI value=N/A (low-frequency) / DXYΔ +0.250 / US10YΔ -0.003",7.08,1.4959753356389909,HIGH,NEUTRAL,2,🟡 VOL STRESS TRANSITION,2,2.0,🌱 LIGHT TRACE,CREDIT_STRESS,HARD RISK-OFF,-0.04729739449154,70,0,-10,10,0,0,0,0,1,-20,0,0,51,20,-31,100,20,0,20,270.36944580078125,0.0018986471645130454,0.03201287752557547,0.05126877850200007,True,31,OPPORTUNITY_COST,0.0005885806209990441,OPPORTUNITY_COST,0.009923992032928394,OPPORTUNITY_COST,0.01589332133562002
2020-05-22,PASS,2020-05-20,2020-05-22,,,2020-05-22,2020-05-22,90.0,GREED,"Policy Bias: MIXED (혼조) (WEAK, score=+0.5) | REAL_RATEΔ N/A / FCI value=N/A (low-frequency) / DXYΔ +0.490 / US10YΔ -0.020",7.06,1.4959753356389909,HIGH,SYSTEMIC HEDGE (시스템적 위험 회피),2,🟡 VOL STRESS TRANSITION,2,2.0,🌱 LIGHT TRACE,CREDIT_STRESS,HARD RISK-OFF,-0.0239801110759558,70,0,-10,10,-20,0,0,0,1,-20,0,0,31,20,-11,30,20,0,20,270.8827819824219,0.012320692199339733,0.03422027701447683,0.05600776540911756,True,11,OPPORTUNITY_COST,0.0013552761419273708,OPPORTUNITY_COST,0.003764230471592451,OPPORTUNITY_COST,0.006160854195002932
2020-05-25,PASS,2020-05-20,2020-05-25,,,2020-05-25,2020-05-25,70.0,NEUTRAL,"Policy Bias: MIXED (혼조) (WEAK, score=+0.0) | REAL_RATEΔ N/A / FCI value=N/A (low-frequency) / DXYΔ N/A / US10YΔ N/A",7.06,1.4959753356389909,HIGH,NEUTRAL,2,🟡 TRANSITION,2,2.0,🌱 LIGHT TRACE,CREDIT_STRESS,HARD RISK-OFF,0.0,55,0,-10,10,0,0,0,0,1,-20,0,0,36,20,-16,100,20,0,20,,,,,True,16,N/A,,N/A,,N/A,
2020-05-26,PASS,2020-05-20,2020-05-26,,,2020-05-26,2020-05-26,90.0,GREED,"Policy Bias: MIXED (혼조) (WEAK, score=-0.5) | REAL_RATEΔ N/A / FCI value=N/A (low-frequency) / DXYΔ -0.950 / US10YΔ +0.041",6.75,1.4959753356389909,HIGH,NEUTRAL,2,🟡 VOL STRESS TRANSITION,2,2.0,🌱 LIGHT TRACE,CREDIT_STRESS,HARD RISK-OFF,0.1447075948546702,70,0,-10,10,0,0,0,0,1,-20,0,0,51,20,-31,100,20,0,20,274.2202453613281,0.014878947530668096,0.030092205916345094,0.04795780471727751,True,31,OPPORTUNITY_COST,0.004612473734507109,OPPORTUNITY_COST,0.009328583834066978,OPPORTUNITY_COST,0.014866919462356028
2020-05-27,PASS,2020-05-27,2020-05-27,,,2020-05-27,2020-05-27,90.0,GREED,"Policy Bias: MIXED (혼조) (WEAK, score=+0.5) | REAL_RATEΔ N/A / FCI value=N/A (low-frequency) / DXYΔ +0.150 / US10YΔ -0.018",6.7,-0.958739526460502,HIGH,NEUTRAL,2,🟡 VOL STRESS TRANSITION,2,2.0,🌱 LIGHT TRACE,CREDIT_STRESS,HARD RISK-OFF,0.3553455498975885,70,0,-10,-5,0,0,0,0,1,-20,0,0,36,20,-16,100,20,0,20,278.30035400390625,-0.0018448691386421245,0.028497986588073232,0.006253847589509087,True,16,DEFENSIVE_SUCCESS,-0.00029517906218273993,OPPORTUNITY_COST,0.004559677854091717,OPPORTUNITY_COST,0.001000615614321454
2020-05-28,PASS,2020-05-27,2020-05-28,,,2020-05-28,2020-05-28,90.0,GREED,"Policy Bias: MIXED (혼조) (WEAK, score=-0.5) | REAL_RATEΔ N/A / FCI value=N/A (low-frequency) / DXYΔ -0.680 / US10YΔ +0.025",6.6,-0.958739526460502,HIGH,NEUTRAL,2,🟡 VOL STRESS TRANSITION,2,2.0,🌱 LIGHT TRACE,CREDIT_STRESS,HARD RISK-OFF,0.3245967516683005,70,0,-10,-5,0,0,0,0,1,-20,0,0,36,20,-16,100,20,0,20,277.78692626953125,0.004456017793749822,0.02769265484884298,0.018921129770408607,True,16,OPPORTUNITY_COST,0.0007129628469999716,OPPORTUNITY_COST,0.004430824775814877,OPPORTUNITY_COST,0.003027380763265377
2020-05-29,PASS,2020-05-27,2020-05-29,,,2020-05-29,2020-05-29,90.0,GREED,"Policy Bias: EASING (완화) (MODERATE, score=-1.5) | REAL_RATEΔ N/A / FCI value=N/A (low-frequency) / DXYΔ -0.040 / US10YΔ -0.057",6.71,-0.958739526460502,HIGH,COST-PUSH STRUCTURE (비용 주도 구조),2,🟡 VOL STRESS TRANSITION,2,2.0,🌱 LIGHT TRACE,CREDIT_STRESS,HARD RISK-OFF,0.3856578741647548,70,10,-10,-5,0,0,0,0,1,-20,0,0,46,20,-26,100,20,0,20,279.0247497558594,0.004041634533996863,0.04935578075797853,-0.009692573063156074,True,26,OPPORTUNITY_COST,0.0010508249788391843,OPPORTUNITY_COST,0.012832502997074419,DEFENSIVE_SUCCESS,-0.002520068996420579
2020-06-01,PASS,2020-05-27,2020-06-01,,,2020-06-01,2020-06-01,90.0,GREED,"Policy Bias: MIXED (혼조) (WEAK, score=-0.5) | REAL_RATEΔ N/A / FCI value=N/A (low-frequency) / DXYΔ -0.510 / US10YΔ +0.014",6.43,-0.958739526460502,HIGH,NEUTRAL,2,🟡 VOL STRESS TRANSITION,2,2.0,🌱 LIGHT TRACE,CREDIT_STRESS,HARD RISK-OFF,0.4408751183849456,70,0,-10,-5,0,0,0,0,1,-20,0,0,36,20,-16,100,20,0,20,280.1524658203125,0.008280032888760003,0.05776480615108692,0.000817534920342311,True,16,OPPORTUNITY_COST,0.0013248052622016006,OPPORTUNITY_COST,0.009242368984173908,OPPORTUNITY_COST,0.00013080558725476977
2020-06-02,PASS,2020-05-27,2020-06-02,,,2020-06-02,2020-06-02,90.0,GREED,"Policy Bias: MIXED (혼조) (WEAK, score=-0.5) | REAL_RATEΔ N/A / FCI value=N/A (low-frequency) / DXYΔ -0.160 / US10YΔ +0.018",6.18,-0.958739526460502,HIGH,NEUTRAL,2,🟡 VOL STRESS TRANSITION,2,2.0,🌱 LIGHT TRACE,CREDIT_STRESS,HARD RISK-OFF,0.5582707277219018,70,0,-10,-5,0,0,0,0,1,-20,0,0,36,20,-16,100,20,0,20,282.4721374511719,0.013308272959288159,0.041255624566296945,0.005313607417939625,True,16,OPPORTUNITY_COST,0.0021293236734861057,OPPORTUNITY_COST,0.0066008999306075115,OPPORTUNITY_COST,0.0008501771868703401
2020-06-04,PASS,2020-06-03,2020-06-04,,,2020-06-04,2020-06-04,90.0,GREED,"Policy Bias: MIXED (혼조) (WEAK, score=-0.5) | REAL_RATEΔ N/A / FCI value=N/A (low-frequency) / DXYΔ -0.600 / US10YΔ +0.059",5.83,-0.975089607554684,HIGH,NEUTRAL,2,🟡 VOL STRESS TRANSITION,2,2.0,🌱 LIGHT TRACE,CREDIT_STRESS,HARD RISK-OFF,0.7054694808478169,70,0,-10,-5,0,0,0,0,1,-20,0,0,36,20,-16,100,20,0,20,285.4795837402344,0.02562932975719412,-0.03452581325006587,0.007207153276010292,True,16,OPPORTUNITY_COST,0.004100692761151059,DEFENSIVE_SUCCESS,-0.00552413012001054,OPPORTUNITY_COST,0.0011531445241616466
2020-06-05,PASS,2020-06-03,2020-06-05,,,2020-06-05,2020-06-05,80.0,GREED,"Policy Bias: TIGHTENING (긴축) (MODERATE, score=+1.5) | REAL_RATEΔ N/A / FCI value=N/A (low-frequency) / DXYΔ +0.260 / US10YΔ +0.084",5.5,-0.975089607554684,HIGH,GLOBAL FINANCIAL TIGHTENING (글로벌 긴축 구조),2,🟡 VOL STRESS TRANSITION,2,2.0,🌱 LIGHT TRACE,STAGFLATION_RISK,HARD RISK-OFF / INFLATION SHOCK,1.0820670055846968,70,-10,-10,-5,0,0,0,0,1,-12,0,0,34,20,-14,100,20,0,20,292.7962341308594,0.012087534461699079,-0.04737914940954291,-0.0028021709033454467,True,14,OPPORTUNITY_COST,0.0016922548246378713,DEFENSIVE_SUCCESS,-0.006633080917336008,DEFENSIVE_SUCCESS,-0.0003923039264683626
2020-06-08,PASS,2020-06-03,2020-06-08,,,2020-06-08,2020-06-08,90.0,GREED,"Policy Bias: EASING (완화) (MODERATE, score=-1.5) | REAL_RATEΔ N/A / FCI value=N/A (low-frequency) / DXYΔ -0.320 / US10YΔ -0.020",5.51,-0.975089607554684,HIGH,WEAK DEMAND + RISK-OFF (수요 둔화),2,🟡 VOL STRESS TRANSITION,2,2.0,🌱 LIGHT TRACE,CREDIT_STRESS,HARD RISK-OFF,1.2575481740863292,70,10,-10,-5,0,0,0,0,1,-20,0,0,46,20,-26,100,20,0,20,296.3354187011719,-0.0074568096063579725,-0.04996931614708022,-0.024873848119716713,True,26,DEFENSIVE_SUCCESS,-0.0019387704976530729,DEFENSIVE_SUCCESS,-0.012992022198240858,DEFENSIVE_SUCCESS,-0.0064672005111263454
2020-06-09,PASS,2020-06-03,2020-06-09,,,2020-06-09,2020-06-09,90.0,GREED,"Policy Bias: EASING (완화) (MODERATE, score=-1.5) | REAL_RATEΔ N/A / FCI value=N/A (low-frequency) / DXYΔ -0.300 / US10YΔ -0.055",5.75,-0.975089607554684,HIGH,NEUTRAL,2,🟡 VOL STRESS TRANSITION,2,2.0,🌱 LIGHT TRACE,CREDIT_STRESS,HARD RISK-OFF,1.132913059070132,70,10,-10,-5,0,0,0,0,1,-20,0,0,46,20,-26,100,20,0,20,294.1257019042969,-0.005579839863638525,-0.0244082976072304,-0.01003319080244669,True,26,DEFENSIVE_SUCCESS,-0.0014507583645460165,DEFENSIVE_SUCCESS,-0.006346157377879904,DEFENSIVE_SUCCESS,-0.0026086296086361396
2020-06-12,PASS,2020-06-10,2020-06-12,,,2020-06-12,2020-06-12,100.0,GREED,"Policy Bias: TIGHTENING (긴축) (MODERATE, score=+1.5) | REAL_RATEΔ N/A / FCI value=N/A (low-frequency) / DXYΔ +0.590 / US10YΔ +0.046",6.28,-1.186934077382834,HIGH,GLOBAL FINANCIAL TIGHTENING (글로벌 긴축 구조),2,🟡 VOL STRESS TRANSITION,2,2.0,🌱 LIGHT TRACE,CREDIT_STRESS,HARD RISK-OFF,0.3260192816510514,70,-10,-10,-5,0,0,0,0,1,-20,0,0,26,20,-6,100,20,0,20,278.9237976074219,0.009335678394708946,0.019027273647327148,0.03949747121783642,True,6,OPPORTUNITY_COST,0.0005601407036825367,OPPORTUNITY_COST,0.001141636418839629,OPPORTUNITY_COST,0.0023698482730701853
2020-06-15,PASS,2020-06-10,2020-06-15,,,2020-06-15,2020-06-15,100.0,GREED,"Policy Bias: MIXED (혼조) (WEAK, score=-0.5) | REAL_RATEΔ N/A / FCI value=N/A (low-frequency) / DXYΔ -0.640 / US10YΔ +0.003",6.25,-1.186934077382834,HIGH,NEUTRAL,2,🟡 VOL STRESS TRANSITION,2,2.0,🌱 LIGHT TRACE,CREDIT_STRESS,HARD RISK-OFF,0.4580244195411212,70,0,-10,-5,0,0,0,0,1,-20,0,0,36,20,-16,100,20,0,20,281.5277404785156,0.019248027745170537,0.016078631551025735,0.04322901180160521,True,16,OPPORTUNITY_COST,0.003079684439227286,OPPORTUNITY_COST,0.0025725810481641177,OPPORTUNITY_COST,0.006916641888256834
2020-06-16,PASS,2020-06-10,2020-06-16,,,2020-06-16,2020-06-16,100.0,GREED,"Policy Bias: TIGHTENING (긴축) (MODERATE, score=+1.5) | REAL_RATEΔ N/A / FCI value=N/A (low-frequency) / DXYΔ +0.280 / US10YΔ +0.054",5.78,-1.186934077382834,HIGH,GLOBAL FINANCIAL TIGHTENING (글로벌 긴축 구조),2,🟡 VOL STRESS TRANSITION,2,2.0,🌱 LIGHT TRACE,STAGFLATION_RISK,HARD RISK-OFF / INFLATION SHOCK,0.7355177911570717,70,-10,-10,-5,0,0,0,0,1,-12,0,0,34,20,-14,100,20,0,20,286.94659423828125,-0.004154034611034807,0.0014798994242697372,0.03293172383236831,True,14,DEFENSIVE_SUCCESS,-0.0005815648455448731,OPPORTUNITY_COST,0.00020718591939776322,OPPORTUNITY_COST,0.004610441336531564
2020-06-18,PASS,2020-06-17,2020-06-18,,,2020-06-18,2020-06-18,100.0,GREED,"Policy Bias: MIXED (혼조) (WEAK, score=+0.5) | REAL_RATEΔ N/A / FCI value=N/A (low-frequency) / DXYΔ +0.260 / US10YΔ -0.039",6.01,-2.27003547400764,HIGH,COST-PUSH STRUCTURE (비용 주도 구조),2,🟡 VOL STRESS TRANSITION,2,2.0,🌱 LIGHT TRACE,CREDIT_STRESS,HARD RISK-OFF,0.6701291212893687,70,0,-10,-5,0,0,0,0,1,-20,0,0,36,20,-16,100,20,0,20,285.8647155761719,-0.005715145857119741,-0.009870916809318508,0.036422138276958504,True,16,DEFENSIVE_SUCCESS,-0.0009144233371391586,DEFENSIVE_SUCCESS,-0.0015793466894909614,OPPORTUNITY_COST,0.005827542124313361
2020-06-22,PASS,2020-06-17,2020-06-22,,,2020-06-22,2020-06-22,100.0,GREED,"Policy Bias: MIXED (혼조) (WEAK, score=-0.5) | REAL_RATEΔ N/A / FCI value=N/A (low-frequency) / DXYΔ -0.580 / US10YΔ +0.007",6.03,-2.27003547400764,HIGH,NEUTRAL,2,🟡 VOL STRESS TRANSITION,2,2.0,🌱 LIGHT TRACE,CREDIT_STRESS,HARD RISK-OFF,0.6744549236111247,70,0,-10,-5,0,0,0,0,1,-20,0,0,36,20,-16,100,20,0,20,286.0543212890625,0.0046037586249128015,-0.019831271974351306,0.046326914763734184,True,16,OPPORTUNITY_COST,0.0007366013799860483,DEFENSIVE_SUCCESS,-0.0031730035158962088,OPPORTUNITY_COST,0.0074123063621974695
2020-06-23,PASS,2020-06-17,2020-06-23,,,2020-06-23,2020-06-23,100.0,GREED,"Policy Bias: MIXED (혼조) (WEAK, score=-0.5) | REAL_RATEΔ N/A / FCI value=N/A (low-frequency) / DXYΔ -0.350 / US10YΔ +0.005",6.02,-2.27003547400764,HIGH,NEUTRAL,2,🟡 VOL STRESS TRANSITION,2,2.0,🌱 LIGHT TRACE,CREDIT_STRESS,HARD RISK-OFF,0.7384734872458166,70,0,-10,-5,0,0,0,0,1,-20,0,0,36,20,-16,100,20,0,20,287.3712463378906,-0.02550862144126409,-0.011824992531790701,0.04746053795958427,True,16,DEFENSIVE_SUCCESS,-0.004081379430602255,DEFENSIVE_SUCCESS,-0.0018919988050865122,OPPORTUNITY_COST,0.007593686073533484
2020-06-24,PASS,2020-06-24,2020-06-24,,,2020-06-24,2020-06-24,100.0,GREED,"Policy Bias: MIXED (혼조) (WEAK, score=+0.5) | REAL_RATEΔ N/A / FCI value=N/A (low-frequency) / DXYΔ +0.460 / US10YΔ -0.025",6.23,-1.363971492013497,HIGH,WEAK DEMAND + RISK-OFF (수요 둔화),2,🟡 VOL STRESS TRANSITION,2,2.0,🌱 LIGHT TRACE,CREDIT_STRESS,HARD RISK-OFF,0.3543138815456281,70,0,-10,-5,0,0,0,0,1,-20,0,0,36,20,-16,100,20,0,20,280.0408020019531,0.010720461899069722,0.02114505539604572,0.06205379312554382,True,16,OPPORTUNITY_COST,0.0017152739038511556,OPPORTUNITY_COST,0.003383208863367315,OPPORTUNITY_COST,0.009928606900087011
2020-06-25,PASS,2020-06-24,2020-06-25,,,2020-06-25,2020-06-25,100.0,GREED,"Policy Bias: MIXED (혼조) (WEAK, score=+0.5) | REAL_RATEΔ N/A / FCI value=N/A (low-frequency) / DXYΔ +0.280 / US10YΔ -0.010",6.3,-1.363971492013497,HIGH,NEUTRAL,2,🟡 VOL STRESS TRANSITION,2,2.0,🌱 LIGHT TRACE,CREDIT_STRESS,HARD RISK-OFF,0.5072206682842498,70,0,-10,-5,0,0,0,0,1,-20,0,0,36,20,-16,100,20,0,20,283.04296875,-0.023751470659269414,0.01587783694917122,0.044021338791592424,True,16,DEFENSIVE_SUCCESS,-0.003800235305483106,OPPORTUNITY_COST,0.002540453911867395,OPPORTUNITY_COST,0.007043414206654788
2020-06-26,PASS,2020-06-24,2020-06-26,,,2020-06-26,2020-06-26,100.0,GREED,"Policy Bias: MIXED (혼조) (WEAK, score=+0.5) | REAL_RATEΔ N/A / FCI value=N/A (low-frequency) / DXYΔ +0.070 / US10YΔ -0.038",6.41,-1.363971492013497,HIGH,NEUTRAL,2,🟡 VOL STRESS TRANSITION,2,2.0,🌱 LIGHT TRACE,CREDIT_STRESS,HARD RISK-OFF,0.1560537105040849,70,0,-10,-5,0,0,0,0,1,-20,0,0,36,20,-16,100,20,0,20,276.3202819824219,0.014697503319633709,0.05665703200730965,0.07722048231905076,True,16,OPPORTUNITY_COST,0.0023516005311413936,OPPORTUNITY_COST,0.009065125121169543,OPPORTUNITY_COST,0.012355277171048123
2020-06-29,PASS,2020-06-24,2020-06-29,,,2020-06-29,2020-06-29,100.0,GREED,"Policy Bias: TIGHTENING (긴축) (MODERATE, score=+1.0) | REAL_RATEΔ N/A / FCI value=N/A (low-frequency) / DXYΔ +0.040 / US10YΔ +0.000",6.52,-1.363971492013497,HIGH,COST-PUSH STRUCTURE (비용 주도 구조),2,🟡 VOL STRESS TRANSITION,2,2.0,🌱 LIGHT TRACE,CREDIT_STRESS,HARD RISK-OFF,0.3650969350568853,70,-10,-10,-5,0,0,0,0,1,-20,0,0,26,20,-6,100,20,0,20,280.3815002441406,0.012809629910766951,0.030611564073564468,0.05488410881649397,True,6,OPPORTUNITY_COST,0.0007685777946460171,OPPORTUNITY_COST,0.001836693844413868,OPPORTUNITY_COST,0.003293046528989638
2020-06-30,PASS,2020-06-24,2020-06-30,,,2020-06-30,2020-06-30,100.0,GREED,"Policy Bias: MIXED (혼조) (WEAK, score=-0.5) | REAL_RATEΔ N/A / FCI value=N/A (low-frequency) / DXYΔ -0.150 / US10YΔ +0.017",6.44,-1.363971492013497,HIGH,NEUTRAL,2,🟡 VOL STRESS TRANSITION,2,2.0,🌱 LIGHT TRACE,CREDIT_STRESS,HARD RISK-OFF,0.5489088511356441,70,0,-10,-5,0,0,0,0,1,-20,0,0,36,20,-16,100,20,0,20,283.9730834960937,0.007004877901997331,0.025360146928125493,0.05435212240858123,True,16,OPPORTUNITY_COST,0.0011207804643195728,OPPORTUNITY_COST,0.004057623508500079,OPPORTUNITY_COST,0.008696339585372996
2020-07-01,PASS,2020-07-01,2020-07-01,,,2020-07-01,2020-07-01,90.0,GREED,"Policy Bias: MIXED (혼조) (WEAK, score=-0.5) | REAL_RATEΔ N/A / FCI value=N/A (low-frequency) / DXYΔ -0.190 / US10YΔ +0.029",6.33,-1.9591965539024927,HIGH,NEUTRAL,2,🟡 VOL STRESS TRANSITION,2,2.0,🌱 LIGHT TRACE,CREDIT_STRESS,HARD RISK-OFF,0.6486882864504505,70,0,-10,-5,0,0,0,0,1,-20,0,0,36,20,-16,100,20,0,20,285.9622802734375,0.005507015059743381,0.012430723430303825,0.04328230178139436,True,16,OPPORTUNITY_COST,0.0008811224095589409,OPPORTUNITY_COST,0.001988915748848612,OPPORTUNITY_COST,0.006925168285023098
2020-07-02,PASS,2020-07-01,2020-07-02,,,2020-07-02,2020-07-02,90.0,GREED,"Policy Bias: MIXED (혼조) (WEAK, score=+0.5) | REAL_RATEΔ N/A / FCI value=N/A (low-frequency) / DXYΔ +0.120 / US10YΔ -0.013",6.17,-1.9591965539024927,HIGH,COST-PUSH STRUCTURE (비용 주도 구조),2,🟡 VOL STRESS TRANSITION,2,2.0,🌱 LIGHT TRACE,CREDIT_STRESS,HARD RISK-OFF,0.7261292671259874,70,0,-10,-5,0,0,0,0,1,-20,0,0,36,20,-16,100,20,0,20,287.5370788574219,0.015436931484401173,0.01716639169010037,0.045767386275653354,True,16,OPPORTUNITY_COST,0.002469909037504188,OPPORTUNITY_COST,0.0027466226704160593,OPPORTUNITY_COST,0.007322781804104537
2020-07-03,PASS,2020-07-01,2020-07-03,,,2020-07-03,2020-07-03,70.0,NEUTRAL,"Policy Bias: MIXED (혼조) (WEAK, score=+0.0) | REAL_RATEΔ N/A / FCI value=N/A (low-frequency) / DXYΔ N/A / US10YΔ N/A",6.17,-1.9591965539024927,HIGH,NEUTRAL,2,🟡 TRANSITION,2,2.0,🌱 LIGHT TRACE,CREDIT_STRESS,HARD RISK-OFF,0.0,55,0,-10,-5,0,0,0,0,1,-20,0,0,21,20,-1,100,20,0,20,,,,,True,1,N/A,,N/A,,N/A,
2020-07-06,PASS,2020-07-01,2020-07-06,,,2020-07-06,2020-07-06,90.0,GREED,"Policy Bias: MIXED (혼조) (WEAK, score=-0.5) | REAL_RATEΔ N/A / FCI value=N/A (low-frequency) / DXYΔ -0.530 / US10YΔ +0.015",6.03,-1.9591965539024927,HIGH,NEUTRAL,2,🟡 VOL STRESS TRANSITION,2,2.0,🌱 LIGHT TRACE,CREDIT_STRESS,HARD RISK-OFF,0.9471518394254416,70,0,-10,-5,0,0,0,0,1,-20,0,0,36,20,-16,100,20,0,20,291.97576904296875,-0.01031370702073342,-0.006970396119681532,0.037028837950963345,True,16,DEFENSIVE_SUCCESS,-0.0016501931233173473,DEFENSIVE_SUCCESS,-0.0011152633791490453,OPPORTUNITY_COST,0.005924614072154135
2020-07-07,PASS,2020-07-01,2020-07-07,,,2020-07-07,2020-07-07,90.0,GREED,"Policy Bias: MIXED (혼조) (WEAK, score=+0.5) | REAL_RATEΔ N/A / FCI value=N/A (low-frequency) / DXYΔ +0.090 / US10YΔ -0.034",6.04,-1.9591965539024927,HIGH,NEUTRAL,2,🟡 VOL STRESS TRANSITION,2,2.0,🌱 LIGHT TRACE,CREDIT_STRESS,HARD RISK-OFF,0.7862132838923186,70,0,-10,-5,0,0,0,0,1,-20,0,0,36,20,-16,100,20,0,20,288.96441650390625,0.0076489214140018635,0.0163808750139669,0.051883736732459385,True,16,OPPORTUNITY_COST,0.0012238274262402983,OPPORTUNITY_COST,0.002620940002234704,OPPORTUNITY_COST,0.008301397877193502
2020-07-08,PASS,2020-07-08,2020-07-08,,,2020-07-08,2020-07-08,90.0,GREED,"Policy Bias: MIXED (혼조) (WEAK, score=-0.5) | REAL_RATEΔ N/A / FCI value=N/A (low-frequency) / DXYΔ -0.450 / US10YΔ +0.003",6.06,-1.5659768628012636,HIGH,NEUTRAL,2,🟡 VOL STRESS TRANSITION,2,2.0,🌱 LIGHT TRACE,CREDIT_STRESS,HARD RISK-OFF,0.8942428625408327,70,0,-10,-5,0,0,0,0,1,-20,0,0,36,20,-16,100,20,0,20,291.1746826171875,-0.005693092240273034,0.017932732235695026,0.050382802520266834,True,16,DEFENSIVE_SUCCESS,-0.0009108947584436856,OPPORTUNITY_COST,0.002869237157711204,OPPORTUNITY_COST,0.008061248403242693
2020-07-09,PASS,2020-07-08,2020-07-09,,,2020-07-09,2020-07-09,90.0,GREED,"Policy Bias: MIXED (혼조) (WEAK, score=+0.5) | REAL_RATEΔ N/A / FCI value=N/A (low-frequency) / DXYΔ +0.270 / US10YΔ -0.048",6.14,-1.5659768628012636,HIGH,WEAK DEMAND + RISK-OFF (수요 둔화),2,🟡 VOL STRESS TRANSITION,2,2.0,🌱 LIGHT TRACE,CREDIT_STRESS,HARD RISK-OFF,0.8037911452010941,70,0,-10,-5,0,0,0,0,1,-20,0,0,36,20,-16,100,20,0,20,289.5169982910156,0.010210297512578626,0.020389394082973133,0.06345807842462237,True,16,OPPORTUNITY_COST,0.0016336476020125802,OPPORTUNITY_COST,0.0032623030532757014,OPPORTUNITY_COST,0.010153292547939579
2020-07-10,PASS,2020-07-08,2020-07-10,,,2020-07-10,2020-07-10,90.0,GREED,"Policy Bias: MIXED (혼조) (WEAK, score=-0.5) | REAL_RATEΔ N/A / FCI value=N/A (low-frequency) / DXYΔ -0.050 / US10YΔ +0.028",6.14,-1.5659768628012636,HIGH,NEUTRAL,2,🟡 VOL STRESS TRANSITION,2,2.0,🌱 LIGHT TRACE,CREDIT_STRESS,HARD RISK-OFF,0.9499190842784104,70,0,-10,-5,0,0,0,0,1,-20,0,0,36,20,-16,100,20,0,20,292.4730529785156,-0.008658817204985514,0.013004503348738927,0.05346546244859929,True,16,DEFENSIVE_SUCCESS,-0.0013854107527976822,OPPORTUNITY_COST,0.0020807205357982286,OPPORTUNITY_COST,0.008554473991775887
2020-07-13,PASS,2020-07-08,2020-07-13,,,2020-07-13,2020-07-13,100.0,GREED,"Policy Bias: MIXED (혼조) (WEAK, score=-0.5) | REAL_RATEΔ N/A / FCI value=N/A (low-frequency) / DXYΔ -0.190 / US10YΔ +0.007",6.01,-1.5659768628012636,HIGH,NEUTRAL,2,🟡 VOL STRESS TRANSITION,2,2.0,🌱 LIGHT TRACE,CREDIT_STRESS,HARD RISK-OFF,0.814658188543194,70,0,-10,-5,0,0,0,0,1,-20,0,0,36,20,-16,100,20,0,20,289.9405822753906,0.012958945551061918,0.030110497324796537,0.06584306350651681,True,16,OPPORTUNITY_COST,0.002073431288169907,OPPORTUNITY_COST,0.004817679571967446,OPPORTUNITY_COST,0.01053489016104269
2020-07-14,PASS,2020-07-08,2020-07-14,,,2020-07-14,2020-07-14,90.0,GREED,"Policy Bias: EASING (완화) (MODERATE, score=-1.5) | REAL_RATEΔ N/A / FCI value=N/A (low-frequency) / DXYΔ -0.200 / US10YΔ -0.025",6.03,-1.5659768628012636,HIGH,NEUTRAL,2,🟡 VOL STRESS TRANSITION,2,2.0,🌱 LIGHT TRACE,CREDIT_STRESS,HARD RISK-OFF,1.0009803241396136,70,10,-10,-5,0,0,0,0,1,-20,0,0,46,20,-26,100,20,0,20,293.6979064941406,0.009187446286029965,0.019095910563427854,0.04352209651541217,True,26,OPPORTUNITY_COST,0.002388736034367791,OPPORTUNITY_COST,0.004964936746491242,OPPORTUNITY_COST,0.011315745094007163
2020-07-16,PASS,2020-07-15,2020-07-16,,,2020-07-16,2020-07-16,90.0,GREED,"Policy Bias: MIXED (혼조) (WEAK, score=+0.5) | REAL_RATEΔ N/A / FCI value=N/A (low-frequency) / DXYΔ +0.270 / US10YΔ -0.018",5.76,0.6770802288011546,HIGH,NEUTRAL,2,🟡 VOL STRESS TRANSITION,2,2.0,🌱 LIGHT TRACE,CREDIT_STRESS,HARD RISK-OFF,1.073664919430007,70,0,-10,10,0,0,0,0,1,-20,0,0,51,20,-31,100,20,0,20,295.4200744628906,0.0028990762190319597,0.0067643390072129606,0.050001317104539256,True,31,OPPORTUNITY_COST,0.0008987136278999075,OPPORTUNITY_COST,0.0020969450922360177,OPPORTUNITY_COST,0.015500408302407169
2020-07-17,PASS,2020-07-15,2020-07-17,,,2020-07-17,2020-07-17,90.0,GREED,"Policy Bias: MIXED (혼조) (WEAK, score=-0.5) | REAL_RATEΔ N/A / FCI value=N/A (low-frequency) / DXYΔ -0.410 / US10YΔ +0.016",5.74,0.6770802288011546,HIGH,NEUTRAL,2,🟡 VOL STRESS TRANSITION,2,2.0,🌱 LIGHT TRACE,UNKNOWN_TRANSITION,TRANSITION / MIXED,1.1088576563098929,70,0,-10,10,0,0,0,0,1,0,0,0,71,65,-6,100,65,0,65,296.2765197753906,0.00808136138755855,-0.002611143826231066,0.046997086746318084,True,6,OPPORTUNITY_COST,0.00048488168325351295,DEFENSIVE_SUCCESS,-0.00015666862957386396,OPPORTUNITY_COST,0.002819825204779085
2020-07-21,PASS,2020-07-15,2020-07-21,,,2020-07-21,2020-07-21,80.0,GREED,"Policy Bias: EASING (완화) (MODERATE, score=-1.5) | REAL_RATEΔ N/A / FCI value=N/A (low-frequency) / DXYΔ -0.710 / US10YΔ -0.013",5.33,0.6770802288011546,HIGH,COST-PUSH STRUCTURE (비용 주도 구조),2,🟡 VOL STRESS TRANSITION,2,2.0,🌱 LIGHT TRACE,CREDIT_STRESS,HARD RISK-OFF,1.2420737180203625,70,10,-10,10,0,0,0,0,1,-20,0,0,61,20,-41,100,20,0,20,299.30633544921875,0.005692177652796282,-0.011815140599143348,0.04193717773946304,True,41,OPPORTUNITY_COST,0.0023337928376464755,DEFENSIVE_SUCCESS,-0.004844207645648772,OPPORTUNITY_COST,0.017194242873179846
2020-07-23,PASS,2020-07-22,2020-07-23,,,2020-07-23,2020-07-23,90.0,GREED,"Policy Bias: EASING (완화) (MODERATE, score=-1.5) | REAL_RATEΔ N/A / FCI value=N/A (low-frequency) / DXYΔ -0.280 / US10YΔ -0.013",5.26,-2.7053614143058047,HIGH,NEUTRAL,2,🟡 VOL STRESS TRANSITION,2,2.0,🌱 LIGHT TRACE,CREDIT_STRESS,HARD RISK-OFF,1.1258348652747798,70,10,-10,-5,0,0,0,0,1,-20,0,0,46,20,-26,100,20,0,20,297.4183959960937,-0.0064404113933724805,0.0030966140717352264,0.04743650756027784,True,26,DEFENSIVE_SUCCESS,-0.0016745069622768449,OPPORTUNITY_COST,0.0008051196586511589,OPPORTUNITY_COST,0.012333491965672239
2020-07-28,PASS,2020-07-22,2020-07-28,,,2020-07-28,2020-07-28,90.0,GREED,"Policy Bias: MIXED (혼조) (WEAK, score=+0.5) | REAL_RATEΔ N/A / FCI value=N/A (low-frequency) / DXYΔ +0.090 / US10YΔ -0.028",5.27,-2.7053614143058047,HIGH,NEUTRAL,2,🟡 VOL STRESS TRANSITION,2,2.0,🌱 LIGHT TRACE,CREDIT_STRESS,HARD RISK-OFF,1.017380342343015,70,0,-10,-5,0,0,0,0,1,-20,0,0,36,20,-16,100,20,0,20,295.7699890136719,0.012298861995682753,0.027680229588112004,0.07145738078751385,True,16,OPPORTUNITY_COST,0.0019678179193092405,OPPORTUNITY_COST,0.004428836734097921,OPPORTUNITY_COST,0.011433180926002215
2020-07-30,PASS,2020-07-29,2020-07-30,,,2020-07-30,2020-07-30,80.0,GREED,"Policy Bias: EASING (완화) (MODERATE, score=-1.5) | REAL_RATEΔ N/A / FCI value=N/A (low-frequency) / DXYΔ -0.240 / US10YΔ -0.038",5.14,-0.5323063383523188,HIGH,WEAK DEMAND + RISK-OFF (수요 둔화),2,🟡 VOL STRESS TRANSITION,2,2.0,🌱 LIGHT TRACE,CREDIT_STRESS,HARD RISK-OFF,1.1270115269442575,70,10,-10,-5,0,0,0,0,1,-20,0,0,46,20,-26,100,20,0,20,298.3393859863281,0.007902119326083312,0.0320098690822459,0.07522546321419266,True,26,OPPORTUNITY_COST,0.002054551024781661,OPPORTUNITY_COST,0.008322565961383935,OPPORTUNITY_COST,0.01955862043569009
2020-07-31,PASS,2020-07-29,2020-07-31,,,2020-07-31,2020-07-31,80.0,GREED,"Policy Bias: MIXED (혼조) (WEAK, score=+0.5) | REAL_RATEΔ N/A / FCI value=N/A (low-frequency) / DXYΔ +0.470 / US10YΔ -0.005",5.16,-0.5323063383523188,HIGH,SYSTEMIC HEDGE (시스템적 위험 회피),2,🟡 VOL STRESS TRANSITION,3,2.0,🌱 LIGHT TRACE,UNKNOWN_TRANSITION,TRANSITION / MIXED,1.234274562973388,70,0,-10,-5,-20,0,0,0,2,0,0,0,37,30,-7,30,30,0,30,300.6968994140625,0.006951827805606214,0.024653930952227343,0.0736861473733097,True,7,OPPORTUNITY_COST,0.00048662794639243507,OPPORTUNITY_COST,0.0017257751666559143,OPPORTUNITY_COST,0.005158030316131679
2020-08-03,PASS,2020-07-29,2020-08-03,,,2020-08-03,2020-08-03,80.0,GREED,"Policy Bias: TIGHTENING (긴축) (MODERATE, score=+1.5) | REAL_RATEΔ N/A / FCI value=N/A (low-frequency) / DXYΔ +0.010 / US10YΔ +0.027",5.08,-0.5323063383523188,HIGH,NEUTRAL,2,🟡 VOL STRESS TRANSITION,3,3.0,👀 EARLY TRACE,STAGFLATION_RISK,HARD RISK-OFF / INFLATION SHOCK,1.3268696546637972,70,-10,-10,-5,0,0,0,1,2,-12,0,0,36,20,-16,100,20,0,20,302.78729248046875,0.0038630344252323923,0.020621294624508124,0.06241106645269867,True,16,OPPORTUNITY_COST,0.0006180855080371827,OPPORTUNITY_COST,0.0032994071399213,OPPORTUNITY_COST,0.009985770632431787
2020-08-07,PASS,2020-08-05,2020-08-07,,,2020-08-07,2020-08-07,80.0,GREED,"Policy Bias: TIGHTENING (긴축) (MODERATE, score=+1.5) | REAL_RATEΔ N/A / FCI value=N/A (low-frequency) / DXYΔ +0.650 / US10YΔ +0.026",5.06,1.3183837215382832,HIGH,GLOBAL FINANCIAL TIGHTENING (글로벌 긴축 구조),2,🟡 VOL STRESS TRANSITION,2,1.0,🌱 LIGHT TRACE,TIGHTENING_GROWTH_SCARE,HARD RISK-OFF,1.5342672162978712,70,-10,-10,10,0,0,0,0,1,-8,-4,0,49,20,-29,100,20,0,20,308.1102600097656,0.002988860018718009,0.006784561690156066,0.023911078244920336,True,29,OPPORTUNITY_COST,0.0008667694054282227,OPPORTUNITY_COST,0.001967522890145259,OPPORTUNITY_COST,0.006934212691026897
2020-08-10,PASS,2020-08-05,2020-08-10,,,2020-08-10,2020-08-10,80.0,GREED,"Policy Bias: TIGHTENING (긴축) (MODERATE, score=+1.5) | REAL_RATEΔ N/A / FCI value=N/A (low-frequency) / DXYΔ +0.140 / US10YΔ +0.012",5.09,1.3183837215382832,HIGH,NEUTRAL,2,🟡 VOL STRESS TRANSITION,2,2.0,🌱 LIGHT TRACE,STAGFLATION_RISK,HARD RISK-OFF / INFLATION SHOCK,1.5637323210590033,70,-10,-10,10,0,0,0,0,1,-12,-4,0,45,20,-25,100,20,0,20,309.0311584472656,-0.008254518195283556,0.006973205404167571,-0.00703275312000895,True,25,DEFENSIVE_SUCCESS,-0.002063629548820889,OPPORTUNITY_COST,0.0017433013510418927,DEFENSIVE_SUCCESS,-0.0017581882800022375
2020-08-11,PASS,2020-08-05,2020-08-11,,,2020-08-11,2020-08-11,80.0,GREED,"Policy Bias: TIGHTENING (긴축) (MODERATE, score=+1.5) | REAL_RATEΔ N/A / FCI value=N/A (low-frequency) / DXYΔ +0.050 / US10YΔ +0.084",5.03,1.3183837215382832,HIGH,NEUTRAL,2,🟡 VOL STRESS TRANSITION,2,2.0,🌱 LIGHT TRACE,CREDIT_STRESS,HARD RISK-OFF,1.4257422449167914,70,-10,-10,10,0,0,0,0,1,-20,0,0,41,20,-21,100,20,0,20,306.4802551269531,0.013942303623162733,0.017548090686361206,0.021003520451828406,True,21,OPPORTUNITY_COST,0.002927883760864174,OPPORTUNITY_COST,0.0036850990441358532,OPPORTUNITY_COST,0.004410739294883965
2020-08-13,PASS,2020-08-12,2020-08-13,,,2020-08-13,2020-08-13,80.0,GREED,"Policy Bias: MIXED (혼조) (WEAK, score=-0.5) | REAL_RATEΔ N/A / FCI value=N/A (low-frequency) / DXYΔ -0.100 / US10YΔ +0.046",5.16,1.6833604903376105,HIGH,NEUTRAL,2,🟡 VOL STRESS TRANSITION,1,1.0,🌱 LIGHT TRACE,UNKNOWN_TRANSITION,TRANSITION / MIXED,1.574644703748738,70,0,-10,10,0,0,0,0,1,0,-4,0,67,65,-2,100,65,0,65,310.19146728515625,2.9613293673236285e-05,0.0043051432486511665,-0.008223542784912885,True,2,OPPORTUNITY_COST,5.922658734647257e-07,OPPORTUNITY_COST,8.610286497302332e-05,DEFENSIVE_SUCCESS,-0.0001644708556982577
2020-08-18,PASS,2020-08-12,2020-08-18,,,2020-08-18,2020-08-18,80.0,GREED,"Policy Bias: EASING (완화) (MODERATE, score=-1.5) | REAL_RATEΔ N/A / FCI value=N/A (low-frequency) / DXYΔ -0.580 / US10YΔ -0.014",5.26,1.6833604903376105,HIGH,NEUTRAL,2,🟡 VOL STRESS TRANSITION,1,1.0,🌱 LIGHT TRACE,UNKNOWN_TRANSITION,TRANSITION / MIXED,1.606486572567257,70,10,-10,10,0,0,0,0,1,0,-4,0,77,65,-12,100,65,0,65,311.8583984375,-0.004163822285129126,0.016182149757470787,0.0005312665378605086,True,12,DEFENSIVE_SUCCESS,-0.0004996586742154951,OPPORTUNITY_COST,0.0019418579708964945,OPPORTUNITY_COST,6.375198454326103e-05
2020-08-19,PASS,2020-08-19,2020-08-19,,,2020-08-19,2020-08-19,80.0,GREED,"Policy Bias: TIGHTENING (긴축) (MODERATE, score=+1.5) | REAL_RATEΔ N/A / FCI value=N/A (low-frequency) / DXYΔ +0.620 / US10YΔ +0.006",5.25,1.505197735477077,HIGH,GLOBAL FINANCIAL TIGHTENING (글로벌 긴축 구조),2,🟡 VOL STRESS TRANSITION,1,1.0,🌱 LIGHT TRACE,STAGFLATION_RISK,HARD RISK-OFF / INFLATION SHOCK,1.5336772313979097,70,-10,-10,10,0,0,0,0,1,-12,-4,0,45,20,-25,100,20,0,20,310.55987548828125,0.0031137650880574963,0.03066184532762284,-0.0041217810653759734,True,25,OPPORTUNITY_COST,0.0007784412720143741,OPPORTUNITY_COST,0.00766546133190571,DEFENSIVE_SUCCESS,-0.0010304452663439934
2020-08-20,PASS,2020-08-19,2020-08-20,,,2020-08-20,2020-08-20,80.0,GREED,"Policy Bias: EASING (완화) (MODERATE, score=-1.5) | REAL_RATEΔ N/A / FCI value=N/A (low-frequency) / DXYΔ -0.100 / US10YΔ -0.031",5.28,1.505197735477077,HIGH,NEUTRAL,2,🟡 VOL STRESS TRANSITION,1,1.0,🌱 LIGHT TRACE,CREDIT_STRESS,HARD RISK-OFF,1.56414788246683,70,10,-10,10,0,0,0,0,1,-20,-4,0,57,20,-37,100,20,0,20,311.5268859863281,0.0035471786019609652,0.02970921266251647,-0.018642818707042097,True,37,OPPORTUNITY_COST,0.0013124560827255571,OPPORTUNITY_COST,0.010992408685131095,DEFENSIVE_SUCCESS,-0.006897842921605576
2020-08-21,PASS,2020-08-19,2020-08-21,,,2020-08-21,2020-08-21,80.0,GREED,"Policy Bias: MIXED (혼조) (WEAK, score=+0.5) | REAL_RATEΔ N/A / FCI value=N/A (low-frequency) / DXYΔ +0.460 / US10YΔ -0.004",5.25,1.505197735477077,HIGH,NEUTRAL,2,🟡 VOL STRESS TRANSITION,1,1.0,🌱 LIGHT TRACE,UNKNOWN_TRANSITION,TRANSITION / MIXED,1.600257944361599,70,0,-10,10,0,0,0,0,1,0,-4,0,67,65,-2,100,65,0,65,312.6319274902344,0.010133222078218429,0.032697133817432444,-0.032994957304645745,True,2,OPPORTUNITY_COST,0.0002026644415643686,OPPORTUNITY_COST,0.0006539426763486489,DEFENSIVE_SUCCESS,-0.0006598991460929149
2020-08-24,PASS,2020-08-19,2020-08-24,,,2020-08-24,2020-08-24,80.0,GREED,"Policy Bias: TIGHTENING (긴축) (MODERATE, score=+1.5) | REAL_RATEΔ N/A / FCI value=N/A (low-frequency) / DXYΔ +0.050 / US10YΔ +0.006",5.17,1.505197735477077,HIGH,NEUTRAL,2,🟡 VOL STRESS TRANSITION,1,1.0,🌱 LIGHT TRACE,STAGFLATION_RISK,HARD RISK-OFF / INFLATION SHOCK,1.7310616282560232,70,-10,-10,10,0,0,0,0,1,-12,-4,0,45,20,-25,100,20,0,20,315.7998962402344,0.0034991826060184472,0.01863418621198365,-0.03294604600579565,True,25,OPPORTUNITY_COST,0.0008747956515046118,OPPORTUNITY_COST,0.0046585465529959125,DEFENSIVE_SUCCESS,-0.008236511501448912
2020-08-26,PASS,2020-08-26,2020-08-26,,,2020-08-26,2020-08-26,80.0,GREED,"Policy Bias: MIXED (혼조) (WEAK, score=-0.5) | REAL_RATEΔ N/A / FCI value=N/A (low-frequency) / DXYΔ -0.010 / US10YΔ +0.005",5.02,0.0111065465212976,HIGH,NEUTRAL,2,🟡 VOL STRESS TRANSITION,1,1.0,🌱 LIGHT TRACE,CREDIT_STRESS,HARD RISK-OFF,1.8888334875332744,70,0,-10,10,0,0,0,0,1,-20,-4,0,47,20,-27,100,20,0,20,320.08221435546875,0.0021865948975892113,0.029144905436015556,-0.06552672109731328,True,27,OPPORTUNITY_COST,0.0005903806223490871,OPPORTUNITY_COST,0.007869124467724201,DEFENSIVE_SUCCESS,-0.017692214696274588
2020-08-27,PASS,2020-08-26,2020-08-27,,,2020-08-27,2020-08-27,70.0,NEUTRAL,"Policy Bias: MIXED (혼조) (WEAK, score=+0.5) | REAL_RATEΔ N/A / FCI value=N/A (low-frequency) / DXYΔ +0.000 / US10YΔ +0.059",4.98,0.0111065465212976,HIGH,NEUTRAL,2,🟡 VOL STRESS TRANSITION,1,1.0,🌱 LIGHT TRACE,CREDIT_STRESS,HARD RISK-OFF,1.89812165868533,55,0,-10,10,0,0,0,0,1,-20,-4,0,32,20,-12,100,20,0,20,320.7821044921875,0.006459185028656611,-0.008440559895610322,-0.05249078428081999,True,12,OPPORTUNITY_COST,0.0007751022034387933,DEFENSIVE_SUCCESS,-0.0010128671874732387,DEFENSIVE_SUCCESS,-0.006298894113698399
2020-08-31,PASS,2020-08-26,2020-08-31,,,2020-08-31,2020-08-31,90.0,GREED,"Policy Bias: EASING (완화) (MODERATE, score=-1.5) | REAL_RATEΔ N/A / FCI value=N/A (low-frequency) / DXYΔ -0.230 / US10YΔ -0.036",5.02,0.0111065465212976,HIGH,NEUTRAL,2,🟡 VOL STRESS TRANSITION,1,1.0,🌱 LIGHT TRACE,CREDIT_STRESS,HARD RISK-OFF,1.8920952117498977,70,10,-10,10,0,0,0,0,1,-20,-4,0,57,20,-37,100,20,0,20,321.6845703125,0.009418307250952385,-0.046090963251923966,-0.044686916561679446,True,37,OPPORTUNITY_COST,0.0034847736828523823,DEFENSIVE_SUCCESS,-0.017053656403211867,DEFENSIVE_SUCCESS,-0.016534159127821395
2020-09-02,PASS,2020-09-02,2020-09-02,,,2020-09-02,2020-09-02,80.0,GREED,"Policy Bias: MIXED (혼조) (WEAK, score=+0.5) | REAL_RATEΔ N/A / FCI value=N/A (low-frequency) / DXYΔ +0.510 / US10YΔ -0.021",4.93,0.1975695306800277,HIGH,WEAK DEMAND + RISK-OFF (수요 둔화),2,🟡 VOL STRESS TRANSITION,0,0.0,NO CLEAR FLOW,CREDIT_STRESS,HARD RISK-OFF,2.183513338968731,70,0,-10,10,0,0,0,0,0,-20,-8,0,42,20,-22,100,20,0,20,329.4109802246094,-0.034414324292099674,-0.06656399366359833,-0.053986149335301326,True,22,DEFENSIVE_SUCCESS,-0.007571151344261928,DEFENSIVE_SUCCESS,-0.014644078605991633,DEFENSIVE_SUCCESS,-0.011876952853766292
2020-09-03,PASS,2020-09-02,2020-09-03,,,2020-09-03,2020-09-03,100.0,GREED,"Policy Bias: EASING (완화) (MODERATE, score=-1.5) | REAL_RATEΔ N/A / FCI value=N/A (low-frequency) / DXYΔ -0.110 / US10YΔ -0.029",5.04,0.1975695306800277,HIGH,NEUTRAL,2,🟡 VOL STRESS TRANSITION,1,0.0,NO CLEAR FLOW,CREDIT_STRESS,HARD RISK-OFF,1.6599660515115946,70,10,-10,10,0,0,0,0,1,-20,-4,0,57,20,-37,100,20,0,20,318.07452392578125,-0.008164801596827531,-0.03280341133448961,-0.029571416756518865,True,37,DEFENSIVE_SUCCESS,-0.0030209765908261865,DEFENSIVE_SUCCESS,-0.012137262193761154,DEFENSIVE_SUCCESS,-0.01094142419991198
2020-09-04,PASS,2020-09-02,2020-09-04,,,2020-09-04,2020-09-04,100.0,GREED,"Policy Bias: MIXED (혼조) (WEAK, score=-0.5) | REAL_RATEΔ N/A / FCI value=N/A (low-frequency) / DXYΔ -0.020 / US10YΔ +0.099",5.13,0.1975695306800277,HIGH,NEUTRAL,2,🟡 VOL STRESS TRANSITION,1,1.0,🌱 LIGHT TRACE,UNKNOWN_TRANSITION,TRANSITION / MIXED,1.5297602212493957,70,0,-10,10,0,0,0,0,1,0,-4,0,67,65,-2,100,65,0,65,315.4775085449219,-0.027322676602724805,-0.011997600595962332,-0.004232523958490386,True,2,DEFENSIVE_SUCCESS,-0.0005464535320544961,DEFENSIVE_SUCCESS,-0.00023995201191924666,DEFENSIVE_SUCCESS,-8.465047916980773e-05
2020-09-08,PASS,2020-09-02,2020-09-08,,,2020-09-08,2020-09-08,100.0,GREED,"Policy Bias: MIXED (혼조) (WEAK, score=+0.5) | REAL_RATEΔ N/A / FCI value=N/A (low-frequency) / DXYΔ +0.760 / US10YΔ -0.037",5.25,0.1975695306800277,HIGH,WEAK DEMAND + RISK-OFF (수요 둔화),2,🟡 VOL STRESS TRANSITION,2,2.0,🌱 LIGHT TRACE,CREDIT_STRESS,HARD RISK-OFF,1.1360032060978726,70,0,-10,10,0,0,0,0,1,-20,0,0,51,20,-31,100,20,0,20,306.8578186035156,0.01974725903239105,0.020887573958612293,0.009185273527896332,True,31,OPPORTUNITY_COST,0.0061216503000412256,OPPORTUNITY_COST,0.006475147927169811,OPPORTUNITY_COST,0.002847434793647863
2020-09-10,PASS,2020-09-09,2020-09-10,,,2020-09-10,2020-09-10,90.0,GREED,"Policy Bias: MIXED (혼조) (WEAK, score=+0.5) | REAL_RATEΔ N/A / FCI value=N/A (low-frequency) / DXYΔ +0.080 / US10YΔ -0.018",5.16,0.3941372364853475,HIGH,NEUTRAL,2,🟡 VOL STRESS TRANSITION,2,2.0,🌱 LIGHT TRACE,CREDIT_STRESS,HARD RISK-OFF,1.1423502428368302,70,0,-10,10,0,0,0,0,1,-20,0,0,51,20,-31,100,20,0,20,307.48406982421875,0.0005090496502553332,0.005840126451545746,0.0337419823935714,True,31,OPPORTUNITY_COST,0.0001578053915791533,OPPORTUNITY_COST,0.0018104391999791813,OPPORTUNITY_COST,0.010460014542007134
2020-09-14,PASS,2020-09-09,2020-09-14,,,2020-09-14,2020-09-14,90.0,GREED,"Policy Bias: MIXED (혼조) (WEAK, score=-0.5) | REAL_RATEΔ N/A / FCI value=N/A (low-frequency) / DXYΔ -0.260 / US10YΔ +0.002",5.18,0.3941372364853475,HIGH,NEUTRAL,2,🟡 VOL STRESS TRANSITION,2,2.0,🌱 LIGHT TRACE,UNKNOWN_TRANSITION,TRANSITION / MIXED,1.3054334588403078,70,0,-10,10,0,0,0,0,1,0,0,0,71,65,-6,100,65,0,65,311.6925354003906,0.005052410324685619,-0.030080556782412726,0.045443788789803596,True,6,OPPORTUNITY_COST,0.0003031446194811371,DEFENSIVE_SUCCESS,-0.0018048334069447635,OPPORTUNITY_COST,0.0027266273273882156
2020-09-16,PASS,2020-09-16,2020-09-16,,,2020-09-16,2020-09-16,90.0,GREED,"Policy Bias: TIGHTENING (긴축) (MODERATE, score=+1.5) | REAL_RATEΔ N/A / FCI value=N/A (low-frequency) / DXYΔ +0.160 / US10YΔ +0.008",5.07,0.9276536426826144,HIGH,NEUTRAL,2,🟡 VOL STRESS TRANSITION,2,2.0,🌱 LIGHT TRACE,STAGFLATION_RISK,HARD RISK-OFF / INFLATION SHOCK,1.2962972056627622,70,-10,-10,10,0,0,0,0,1,-12,0,0,49,20,-29,100,20,0,20,312.0240783691406,-0.00879503501670753,-0.04394192131473662,0.030997891808863143,True,29,DEFENSIVE_SUCCESS,-0.002550560154845184,DEFENSIVE_SUCCESS,-0.012743157181273619,OPPORTUNITY_COST,0.008989388624570311
2020-09-17,PASS,2020-09-16,2020-09-17,,,2020-09-17,2020-09-17,90.0,GREED,"Policy Bias: EASING (완화) (MODERATE, score=-1.5) | REAL_RATEΔ N/A / FCI value=N/A (low-frequency) / DXYΔ -0.240 / US10YΔ -0.003",5.14,0.9276536426826144,HIGH,COST-PUSH STRUCTURE (비용 주도 구조),2,🟡 VOL STRESS TRANSITION,2,2.0,🌱 LIGHT TRACE,CREDIT_STRESS,HARD RISK-OFF,1.1676453545131713,70,10,-10,10,0,0,0,0,1,-20,0,0,61,20,-41,100,20,0,20,309.2798156738281,-0.011512775049852042,-0.03288782129050316,0.03886079612759641,True,41,DEFENSIVE_SUCCESS,-0.004720237770439337,DEFENSIVE_SUCCESS,-0.013484006729106296,OPPORTUNITY_COST,0.015932926412314526
2020-09-21,PASS,2020-09-16,2020-09-21,,,2020-09-21,2020-09-21,90.0,GREED,"Policy Bias: MIXED (혼조) (WEAK, score=+0.5) | REAL_RATEΔ N/A / FCI value=N/A (low-frequency) / DXYΔ +0.610 / US10YΔ -0.023",5.42,0.9276536426826144,HIGH,WEAK DEMAND + RISK-OFF (수요 둔화),2,🟡 VOL STRESS TRANSITION,2,2.0,🌱 LIGHT TRACE,CREDIT_STRESS,HARD RISK-OFF,0.8515104193949732,70,0,-10,10,0,0,0,0,1,-20,0,0,51,20,-31,100,20,0,20,302.316650390625,0.01018431480857851,0.022081375995425923,0.04599794555229009,True,31,OPPORTUNITY_COST,0.003157137590659338,OPPORTUNITY_COST,0.006845226558582036,OPPORTUNITY_COST,0.014259363121209926
2020-09-22,PASS,2020-09-16,2020-09-22,,,2020-09-22,2020-09-22,90.0,GREED,"Policy Bias: MIXED (혼조) (WEAK, score=+0.5) | REAL_RATEΔ N/A / FCI value=N/A (low-frequency) / DXYΔ +0.450 / US10YΔ -0.007",5.45,0.9276536426826144,HIGH,NEUTRAL,2,🟡 VOL STRESS TRANSITION,2,2.0,🌱 LIGHT TRACE,UNKNOWN_TRANSITION,TRANSITION / MIXED,0.9766476908563084,70,0,-10,10,0,0,0,0,1,0,0,0,71,65,-6,100,65,0,65,305.3955383300781,-0.023190900232742395,0.00626708707060053,0.039600283835609984,True,6,DEFENSIVE_SUCCESS,-0.0013914540139645436,OPPORTUNITY_COST,0.0003760252242360318,OPPORTUNITY_COST,0.0023760170301365987
2020-09-23,PASS,2020-09-23,2020-09-23,,,2020-09-23,2020-09-23,90.0,GREED,"Policy Bias: TIGHTENING (긴축) (MODERATE, score=+1.5) | REAL_RATEΔ N/A / FCI value=N/A (low-frequency) / DXYΔ +0.400 / US10YΔ +0.012",5.47,-0.6816428737215446,HIGH,GLOBAL FINANCIAL TIGHTENING (글로벌 긴축 구조),2,🟡 VOL STRESS TRANSITION,2,2.0,🌱 LIGHT TRACE,STAGFLATION_RISK,HARD RISK-OFF / INFLATION SHOCK,0.6654332056726422,70,-10,-10,-5,0,0,0,0,1,-12,0,0,34,20,-14,100,20,0,20,298.3131408691406,0.0026654390608815692,0.03796800552422597,0.06226754133578849,True,14,OPPORTUNITY_COST,0.0003731614685234197,OPPORTUNITY_COST,0.005315520773391636,OPPORTUNITY_COST,0.00871745578701039
2020-09-29,PASS,2020-09-23,2020-09-29,,,2020-09-29,2020-09-29,90.0,GREED,"Policy Bias: EASING (완화) (MODERATE, score=-1.5) | REAL_RATEΔ N/A / FCI value=N/A (low-frequency) / DXYΔ -0.370 / US10YΔ -0.018",5.5,-0.6816428737215446,HIGH,NEUTRAL,2,🟡 VOL STRESS TRANSITION,2,2.0,🌱 LIGHT TRACE,CREDIT_STRESS,HARD RISK-OFF,1.0231299608590383,70,10,-10,-5,0,0,0,0,1,-20,0,0,46,20,-26,100,20,0,20,307.3094787597656,0.007581989007456658,0.007702049579951797,0.017600840205534984,True,26,OPPORTUNITY_COST,0.001971317141938731,OPPORTUNITY_COST,0.0020025328907874672,OPPORTUNITY_COST,0.004576218453439096
2020-09-30,PASS,2020-09-30,2020-09-30,,,2020-09-30,2020-09-30,90.0,GREED,"Policy Bias: MIXED (혼조) (WEAK, score=+0.5) | REAL_RATEΔ N/A / FCI value=N/A (low-frequency) / DXYΔ +0.000 / US10YΔ +0.032",5.41,-0.6558342001254843,HIGH,NEUTRAL,2,🟡 VOL STRESS TRANSITION,2,2.0,🌱 LIGHT TRACE,CREDIT_STRESS,HARD RISK-OFF,1.1142488875696694,70,0,-10,-5,0,0,0,0,1,-20,0,0,36,20,-16,100,20,0,20,309.6394958496094,0.00641989807679999,0.01752821998474907,-0.024575343818568962,True,16,OPPORTUNITY_COST,0.0010271836922879985,OPPORTUNITY_COST,0.0028045151975598513,DEFENSIVE_SUCCESS,-0.003932055010971034
2020-10-01,PASS,2020-09-30,2020-10-01,,,2020-10-01,2020-10-01,90.0,GREED,"Policy Bias: EASING (완화) (MODERATE, score=-1.0) | REAL_RATEΔ N/A / FCI value=N/A (low-frequency) / DXYΔ -0.180 / US10YΔ +0.000",5.36,-0.6558342001254843,HIGH,WEAK DEMAND + RISK-OFF (수요 둔화),2,🟡 VOL STRESS TRANSITION,2,2.0,🌱 LIGHT TRACE,CREDIT_STRESS,HARD RISK-OFF,1.1897406442728402,70,10,-10,-5,0,0,0,0,1,-20,0,0,46,20,-26,100,20,0,20,311.6273498535156,-0.009494481905281349,0.019997737823541417,-0.020947068498409327,True,26,DEFENSIVE_SUCCESS,-0.0024685652953731507,OPPORTUNITY_COST,0.005199411834120768,DEFENSIVE_SUCCESS,-0.005446237809586425
2020-10-02,PASS,2020-09-30,2020-10-02,,,2020-10-02,2020-10-02,90.0,GREED,"Policy Bias: TIGHTENING (긴축) (MODERATE, score=+1.5) | REAL_RATEΔ N/A / FCI value=N/A (low-frequency) / DXYΔ +0.130 / US10YΔ +0.019",5.38,-0.6558342001254843,HIGH,WEAK DEMAND + RISK-OFF (수요 둔화),2,🟡 VOL STRESS TRANSITION,2,2.0,🌱 LIGHT TRACE,CREDIT_STRESS,HARD RISK-OFF,1.0544234244238546,70,-10,-10,-5,0,0,0,0,1,-20,0,0,26,20,-6,100,20,0,20,308.6686096191406,0.017733040036866043,0.038970965607334485,-0.021866728729670326,True,6,OPPORTUNITY_COST,0.0010639824022119625,OPPORTUNITY_COST,0.002338257936440069,DEFENSIVE_SUCCESS,-0.0013120037237802195
2020-10-05,PASS,2020-09-30,2020-10-05,,,2020-10-05,2020-10-05,90.0,GREED,"Policy Bias: MIXED (혼조) (WEAK, score=-0.5) | REAL_RATEΔ N/A / FCI value=N/A (low-frequency) / DXYΔ -0.330 / US10YΔ +0.066",5.18,-0.6558342001254843,HIGH,NEUTRAL,2,🟡 VOL STRESS TRANSITION,2,2.0,🌱 LIGHT TRACE,CREDIT_STRESS,HARD RISK-OFF,1.2776577491314762,70,0,-10,-5,0,0,0,0,1,-20,0,0,36,20,-16,100,20,0,20,314.1422424316406,-0.014216014998523874,0.03729133218176783,-0.02813738699158419,True,16,DEFENSIVE_SUCCESS,-0.0022745623997638196,OPPORTUNITY_COST,0.005966613149082854,DEFENSIVE_SUCCESS,-0.0045019819186534705
2020-10-06,PASS,2020-09-30,2020-10-06,,,2020-10-06,2020-10-06,90.0,GREED,"Policy Bias: MIXED (혼조) (WEAK, score=+0.5) | REAL_RATEΔ N/A / FCI value=N/A (low-frequency) / DXYΔ +0.320 / US10YΔ -0.020",5.06,-0.6558342001254843,HIGH,COST-PUSH STRUCTURE (비용 주도 구조),2,🟡 VOL STRESS TRANSITION,2,2.0,🌱 LIGHT TRACE,CREDIT_STRESS,HARD RISK-OFF,1.078266449825036,70,0,-10,-5,0,0,0,0,1,-20,0,0,36,20,-16,100,20,0,20,309.6763916015625,0.01740698869354307,0.04538300952867491,0.0032843635205443977,True,16,OPPORTUNITY_COST,0.002785118190966891,OPPORTUNITY_COST,0.0072612815245879855,OPPORTUNITY_COST,0.0005254981632871037
2020-10-07,PASS,2020-10-07,2020-10-07,,,2020-10-07,2020-10-07,90.0,GREED,"Policy Bias: MIXED (혼조) (WEAK, score=-0.5) | REAL_RATEΔ N/A / FCI value=N/A (low-frequency) / DXYΔ -0.200 / US10YΔ +0.043",5.02,0.0111370960795443,HIGH,NEUTRAL,2,🟡 VOL STRESS TRANSITION,2,2.0,🌱 LIGHT TRACE,UNKNOWN_TRANSITION,TRANSITION / MIXED,1.2966656843084066,70,0,-10,10,0,0,0,0,1,0,0,0,71,65,-6,100,65,0,65,315.0669250488281,0.008862456271061747,0.02104074219257379,0.008157988972030905,True,6,OPPORTUNITY_COST,0.0005317473762637048,OPPORTUNITY_COST,0.0012624445315544274,OPPORTUNITY_COST,0.0004894793383218543
2020-10-12,PASS,2020-10-07,2020-10-12,,,2020-10-12,2020-10-12,80.0,GREED,"Policy Bias: TIGHTENING (긴축) (MODERATE, score=+1.5) | REAL_RATEΔ N/A / FCI value=N/A (low-frequency) / DXYΔ +0.010 / US10YΔ +0.002",4.92,0.0111370960795443,HIGH,NEUTRAL,2,🟡 VOL STRESS TRANSITION,1,1.0,🌱 LIGHT TRACE,CREDIT_STRESS,HARD RISK-OFF,1.7067266288869944,70,-10,-10,10,0,0,0,0,1,-20,-4,0,37,20,-17,100,20,0,20,325.8570251464844,-0.006526134930209149,-0.029566433092273137,0.0060434459423452935,True,17,DEFENSIVE_SUCCESS,-0.0011094429381355553,DEFENSIVE_SUCCESS,-0.0050262936256864335,OPPORTUNITY_COST,0.0010273858101987
2020-10-13,PASS,2020-10-07,2020-10-13,,,2020-10-13,2020-10-13,80.0,GREED,"Policy Bias: MIXED (혼조) (WEAK, score=+0.5) | REAL_RATEΔ N/A / FCI value=N/A (low-frequency) / DXYΔ +0.460 / US10YΔ -0.050",4.88,0.0111370960795443,HIGH,NEUTRAL,2,🟡 VOL STRESS TRANSITION,1,1.0,🌱 LIGHT TRACE,CREDIT_STRESS,HARD RISK-OFF,1.6010798095722971,70,0,-10,10,0,0,0,0,1,-20,-4,0,47,20,-27,100,20,0,20,323.7304382324219,-0.006283842975475351,-0.019278847971233803,0.011167233330244386,True,27,DEFENSIVE_SUCCESS,-0.0016966376033783449,DEFENSIVE_SUCCESS,-0.005205288952233127,OPPORTUNITY_COST,0.0030151529991659844
2020-10-14,PASS,2020-10-14,2020-10-14,,,2020-10-14,2020-10-14,80.0,GREED,"Policy Bias: EASING (완화) (MODERATE, score=-1.5) | REAL_RATEΔ N/A / FCI value=N/A (low-frequency) / DXYΔ -0.150 / US10YΔ -0.005",4.89,1.726670686879006,HIGH,COST-PUSH STRUCTURE (비용 주도 구조),2,🟡 VOL STRESS TRANSITION,1,1.0,🌱 LIGHT TRACE,CREDIT_STRESS,HARD RISK-OFF,1.5016670702820851,70,10,-10,10,0,0,0,0,1,-20,-4,0,57,20,-37,100,20,0,20,321.6961669921875,-0.0012356114118319272,-0.014945158774880563,0.025120430609391287,True,37,DEFENSIVE_SUCCESS,-0.00045717622237781305,DEFENSIVE_SUCCESS,-0.005529708746705808,OPPORTUNITY_COST,0.009294559325474776
2020-10-15,PASS,2020-10-14,2020-10-15,,,2020-10-15,2020-10-15,90.0,GREED,"Policy Bias: TIGHTENING (긴축) (MODERATE, score=+1.5) | REAL_RATEΔ N/A / FCI value=N/A (low-frequency) / DXYΔ +0.480 / US10YΔ +0.009",5.01,1.726670686879006,HIGH,GLOBAL FINANCIAL TIGHTENING (글로벌 긴축 구조),2,🟡 VOL STRESS TRANSITION,2,1.0,🌱 LIGHT TRACE,CREDIT_STRESS,HARD RISK-OFF,1.4711710032597711,70,-10,-10,10,0,0,0,0,1,-20,0,0,41,20,-21,100,20,0,20,321.2986755371094,-0.0006044651969474568,-0.008316525483897497,0.01643159422946594,True,21,DEFENSIVE_SUCCESS,-0.00012693769135896593,DEFENSIVE_SUCCESS,-0.0017464703516184743,OPPORTUNITY_COST,0.003450634788187847
2020-10-16,PASS,2020-10-14,2020-10-16,,,2020-10-16,2020-10-16,80.0,GREED,"Policy Bias: MIXED (혼조) (WEAK, score=-0.5) | REAL_RATEΔ N/A / FCI value=N/A (low-frequency) / DXYΔ -0.180 / US10YΔ +0.013",4.94,1.726670686879006,HIGH,NEUTRAL,2,🟡 VOL STRESS TRANSITION,2,2.0,🌱 LIGHT TRACE,CREDIT_STRESS,HARD RISK-OFF,1.4495729282133265,70,0,-10,10,0,0,0,0,1,-20,0,0,51,20,-31,100,20,0,20,321.1044616699219,-0.01520335914888804,-0.00434776782366697,0.0311269269358887,True,31,DEFENSIVE_SUCCESS,-0.004713041336155292,DEFENSIVE_SUCCESS,-0.0013478080253367607,OPPORTUNITY_COST,0.009649347350125497
2020-10-19,PASS,2020-10-14,2020-10-19,,,2020-10-19,2020-10-19,80.0,GREED,"Policy Bias: MIXED (혼조) (WEAK, score=-0.5) | REAL_RATEΔ N/A / FCI value=N/A (low-frequency) / DXYΔ -0.250 / US10YΔ +0.017",4.91,1.726670686879006,HIGH,NEUTRAL,2,🟡 VOL STRESS TRANSITION,2,2.0,🌱 LIGHT TRACE,CREDIT_STRESS,HARD RISK-OFF,1.237915499975269,70,0,-10,10,0,0,0,0,1,-20,0,0,51,20,-31,100,20,0,20,316.2225952148437,0.00400570083985885,-0.007660214040132285,0.060115333147654715,True,31,OPPORTUNITY_COST,0.0012417672603562435,DEFENSIVE_SUCCESS,-0.0023746663524410083,OPPORTUNITY_COST,0.01863575327577296
2020-10-20,PASS,2020-10-14,2020-10-20,,,2020-10-20,2020-10-20,80.0,GREED,"Policy Bias: MIXED (혼조) (WEAK, score=-0.5) | REAL_RATEΔ N/A / FCI value=N/A (low-frequency) / DXYΔ -0.360 / US10YΔ +0.036",4.9,1.726670686879006,HIGH,NEUTRAL,2,🟡 VOL STRESS TRANSITION,2,2.0,🌱 LIGHT TRACE,CREDIT_STRESS,HARD RISK-OFF,1.279208174941148,70,0,-10,10,0,0,0,0,1,-20,0,0,51,20,-31,100,20,0,20,317.4892883300781,-0.0018927304099615183,-0.015026977968641053,0.050206714305172095,True,31,DEFENSIVE_SUCCESS,-0.0005867464270880707,DEFENSIVE_SUCCESS,-0.0046583631702787264,OPPORTUNITY_COST,0.01556408143460335
2020-10-22,PASS,2020-10-21,2020-10-22,,,2020-10-22,2020-10-22,80.0,GREED,"Policy Bias: TIGHTENING (긴축) (MODERATE, score=+1.5) | REAL_RATEΔ N/A / FCI value=N/A (low-frequency) / DXYΔ +0.340 / US10YΔ +0.032",4.88,-0.3282192910682674,HIGH,GLOBAL FINANCIAL TIGHTENING (글로벌 긴축 구조),2,🟡 VOL STRESS TRANSITION,2,2.0,🌱 LIGHT TRACE,STAGFLATION_RISK,HARD RISK-OFF / INFLATION SHOCK,1.3043111093811512,70,-10,-10,-5,0,0,0,0,1,-12,0,0,34,20,-14,100,20,0,20,318.6265869140625,0.0033951564426943914,-0.042453822309418965,0.03821725170093049,True,14,OPPORTUNITY_COST,0.0004753219019772148,DEFENSIVE_SUCCESS,-0.005943535123318655,OPPORTUNITY_COST,0.005350415238130269
2020-10-26,PASS,2020-10-21,2020-10-26,,,2020-10-26,2020-10-26,100.0,GREED,"Policy Bias: MIXED (혼조) (WEAK, score=+0.5) | REAL_RATEΔ N/A / FCI value=N/A (low-frequency) / DXYΔ +0.280 / US10YΔ -0.040",5.03,-0.3282192910682674,HIGH,WEAK DEMAND + RISK-OFF (수요 둔화),2,🟡 VOL STRESS TRANSITION,2,2.0,🌱 LIGHT TRACE,CREDIT_STRESS,HARD RISK-OFF,1.0888309007521413,70,0,-10,-5,0,0,0,0,1,-20,0,0,36,20,-16,100,20,0,20,313.8002624511719,-0.0034476665304820076,-0.027078249708464064,0.05324194535490845,True,16,DEFENSIVE_SUCCESS,-0.0005516266448771213,DEFENSIVE_SUCCESS,-0.0043325199533542505,OPPORTUNITY_COST,0.008518711256785352
2020-10-27,PASS,2020-10-21,2020-10-27,,,2020-10-27,2020-10-27,100.0,GREED,"Policy Bias: EASING (완화) (MODERATE, score=-1.5) | REAL_RATEΔ N/A / FCI value=N/A (low-frequency) / DXYΔ -0.110 / US10YΔ -0.023",5.06,-0.3282192910682674,HIGH,COST-PUSH STRUCTURE (비용 주도 구조),2,🟡 VOL STRESS TRANSITION,2,2.0,🌱 LIGHT TRACE,CREDIT_STRESS,HARD RISK-OFF,1.0374518278499036,70,10,-10,-5,0,0,0,0,1,-20,0,0,46,20,-26,100,20,0,20,312.7183837890625,-0.0341789468219279,-0.006475162474348983,0.07391650912701997,True,26,DEFENSIVE_SUCCESS,-0.008886526173701255,DEFENSIVE_SUCCESS,-0.0016835422433307357,OPPORTUNITY_COST,0.019218292373025192
2020-10-28,PASS,2020-10-28,2020-10-28,,,2020-10-28,2020-10-28,100.0,GREED,"Policy Bias: TIGHTENING (긴축) (MODERATE, score=+1.5) | REAL_RATEΔ N/A / FCI value=N/A (low-frequency) / DXYΔ +0.470 / US10YΔ +0.003",5.29,0.236589800628084,HIGH,GLOBAL FINANCIAL TIGHTENING (글로벌 긴축 구조),2,🟡 VOL STRESS TRANSITION,2,2.0,🌱 LIGHT TRACE,CREDIT_STRESS,HARD RISK-OFF,0.6015844681842464,70,-10,-10,10,0,0,0,0,1,-20,0,0,41,20,-21,100,20,0,20,302.0299987792969,0.010163466024123213,0.0516744655584227,0.11020621670238984,True,21,OPPORTUNITY_COST,0.0021343278650658745,OPPORTUNITY_COST,0.010851637767268767,OPPORTUNITY_COST,0.023143305507501866
2020-10-29,PASS,2020-10-28,2020-10-29,,,2020-10-29,2020-10-29,100.0,GREED,"Policy Bias: TIGHTENING (긴축) (MODERATE, score=+1.5) | REAL_RATEΔ N/A / FCI value=N/A (low-frequency) / DXYΔ +0.550 / US10YΔ +0.054",5.25,0.236589800628084,HIGH,GLOBAL FINANCIAL TIGHTENING (글로벌 긴축 구조),2,🟡 VOL STRESS TRANSITION,2,2.0,🌱 LIGHT TRACE,TIGHTENING_GROWTH_SCARE,HARD RISK-OFF,0.7207415614432904,70,-10,-10,10,0,0,0,0,1,-8,0,0,53,20,-33,100,20,0,20,305.09967041015625,-0.010424899970052581,0.06139771258951976,0.1020972630574064,True,33,DEFENSIVE_SUCCESS,-0.003440216990117352,OPPORTUNITY_COST,0.020261245154541523,OPPORTUNITY_COST,0.03369209680894412
2020-10-30,PASS,2020-10-28,2020-10-30,,,2020-10-30,2020-10-30,100.0,GREED,"Policy Bias: TIGHTENING (긴축) (MODERATE, score=+1.5) | REAL_RATEΔ N/A / FCI value=N/A (low-frequency) / DXYΔ +0.080 / US10YΔ +0.025",5.25,0.236589800628084,HIGH,NEUTRAL,2,🟡 VOL STRESS TRANSITION,2,2.0,🌱 LIGHT TRACE,CREDIT_STRESS,HARD RISK-OFF,0.5885282227512777,70,-10,-10,10,0,0,0,0,1,-20,0,0,41,20,-21,100,20,0,20,301.9190368652344,0.011208513897762673,0.07233422919368637,0.10877703589394949,True,21,OPPORTUNITY_COST,0.002353787918530161,OPPORTUNITY_COST,0.015190188130674138,OPPORTUNITY_COST,0.02284317753772939
2020-11-02,PASS,2020-10-28,2020-11-02,,,2020-11-02,2020-11-02,100.0,GREED,"Policy Bias: MIXED (혼조) (WEAK, score=+0.5) | REAL_RATEΔ N/A / FCI value=N/A (low-frequency) / DXYΔ +0.010 / US10YΔ -0.011",5.25,0.236589800628084,HIGH,COST-PUSH STRUCTURE (비용 주도 구조),2,🟡 VOL STRESS TRANSITION,2,2.0,🌱 LIGHT TRACE,UNKNOWN_TRANSITION,TRANSITION / MIXED,0.7202237638612864,70,0,-10,10,0,0,0,0,1,0,0,0,71,65,-6,100,65,0,65,305.3031005859375,0.017655833986061076,0.0737733217701575,0.10847954233493784,True,6,OPPORTUNITY_COST,0.0010593500391636644,OPPORTUNITY_COST,0.004426399306209449,OPPORTUNITY_COST,0.00650877254009627
2020-11-05,PASS,2020-11-04,2020-11-05,,,2020-11-05,2020-11-05,80.0,GREED,"Policy Bias: MIXED (혼조) (WEAK, score=-0.5) | REAL_RATEΔ N/A / FCI value=N/A (low-frequency) / DXYΔ -0.880 / US10YΔ +0.008",4.59,1.2946967217925422,HIGH,NEUTRAL,2,🟡 VOL STRESS TRANSITION,2,2.0,🌱 LIGHT TRACE,UNKNOWN_TRANSITION,TRANSITION / MIXED,1.4366024031005178,70,0,-10,10,0,0,0,0,1,0,0,0,71,65,-6,100,65,0,65,323.83209228515625,-0.00022843507835490495,0.008479804133883384,0.05599024815927889,True,6,DEFENSIVE_SUCCESS,-1.3706104701294296e-05,OPPORTUNITY_COST,0.000508788248033003,OPPORTUNITY_COST,0.003359414889556733
2020-11-09,PASS,2020-11-04,2020-11-09,,,2020-11-09,2020-11-09,80.0,GREED,"Policy Bias: TIGHTENING (긴축) (MODERATE, score=+1.5) | REAL_RATEΔ N/A / FCI value=N/A (low-frequency) / DXYΔ +0.500 / US10YΔ +0.138",4.22,1.2946967217925422,HIGH,GLOBAL FINANCIAL TIGHTENING (글로벌 긴축 구조),2,🟡 VOL STRESS TRANSITION,1,2.0,🌱 LIGHT TRACE,STAGFLATION_RISK,HARD RISK-OFF / INFLATION SHOCK,1.567285766165147,70,-10,-10,10,0,0,0,0,1,-12,-4,0,45,20,-25,100,20,0,20,327.8263244628906,-0.0014663645191171915,0.02259152746273041,0.04402631003499935,True,25,DEFENSIVE_SUCCESS,-0.00036659112977929786,OPPORTUNITY_COST,0.005647881865682602,OPPORTUNITY_COST,0.011006577508749837
2020-11-10,PASS,2020-11-04,2020-11-10,,,2020-11-10,2020-11-10,70.0,NEUTRAL,"Policy Bias: TIGHTENING (긴축) (MODERATE, score=+1.5) | REAL_RATEΔ N/A / FCI value=N/A (low-frequency) / DXYΔ +0.020 / US10YΔ +0.014",4.37,1.2946967217925422,HIGH,NEUTRAL,2,🟡 VOL STRESS TRANSITION,1,1.0,🌱 LIGHT TRACE,STAGFLATION_RISK,HARD RISK-OFF / INFLATION SHOCK,1.5335461870605056,55,-10,-10,10,0,0,0,0,1,-12,-4,0,30,20,-10,100,20,0,20,327.3456115722656,0.007428545165082845,0.018585160566938264,0.03618248367285348,True,10,OPPORTUNITY_COST,0.0007428545165082845,OPPORTUNITY_COST,0.0018585160566938264,OPPORTUNITY_COST,0.0036182483672853485
2020-11-12,PASS,2020-11-04,2020-11-12,,,2020-11-12,2020-11-12,80.0,GREED,"Policy Bias: EASING (완화) (MODERATE, score=-1.5) | REAL_RATEΔ N/A / FCI value=N/A (low-frequency) / DXYΔ -0.080 / US10YΔ -0.073",4.62,1.2946967217925422,HIGH,NEUTRAL,2,🟡 VOL STRESS TRANSITION,2,1.0,🌱 LIGHT TRACE,CREDIT_STRESS,HARD RISK-OFF,1.4745810855228796,70,10,-10,10,0,0,0,0,1,-20,0,0,61,20,-41,100,20,0,20,326.578125,0.013844564105784496,0.012938693872302842,0.037060035255490176,True,41,OPPORTUNITY_COST,0.005676271283371643,OPPORTUNITY_COST,0.005304864487644165,OPPORTUNITY_COST,0.015194614454750972
2020-11-17,PASS,2020-11-04,2020-11-17,,,2020-11-17,2020-11-17,70.0,NEUTRAL,"Policy Bias: EASING (완화) (MODERATE, score=-1.5) | REAL_RATEΔ N/A / FCI value=N/A (low-frequency) / DXYΔ -0.150 / US10YΔ -0.034",4.48,1.2946967217925422,HIGH,NEUTRAL,2,🟡 VOL STRESS TRANSITION,1,1.0,🌱 LIGHT TRACE,CREDIT_STRESS,HARD RISK-OFF,1.692116113420253,55,10,-10,10,0,0,0,0,1,-20,-4,0,42,20,-22,100,20,0,20,333.42938232421875,-0.012034435145976352,0.007210080640215777,0.026482145861168815,True,22,DEFENSIVE_SUCCESS,-0.0026475757321147973,OPPORTUNITY_COST,0.0015862177408474708,OPPORTUNITY_COST,0.0058260720894571395
2020-11-18,PASS,2020-11-18,2020-11-18,,,2020-11-18,2020-11-18,70.0,NEUTRAL,"Policy Bias: MIXED (혼조) (WEAK, score=-0.5) | REAL_RATEΔ N/A / FCI value=N/A (low-frequency) / DXYΔ -0.100 / US10YΔ +0.010",4.42,2.710464091090295,HIGH,NEUTRAL,2,🟡 VOL STRESS TRANSITION,1,1.0,🌱 LIGHT TRACE,CREDIT_STRESS,HARD RISK-OFF,1.5236466812603158,55,0,-10,10,0,0,0,0,1,-20,-4,0,32,20,-12,100,20,0,20,329.416748046875,0.004210081442772573,0.017906904440924798,0.044795748285581194,True,12,OPPORTUNITY_COST,0.0005052097731327087,OPPORTUNITY_COST,0.0021488285329109755,OPPORTUNITY_COST,0.005375489794269743
2020-11-20,PASS,2020-11-18,2020-11-20,,,2020-11-20,2020-11-20,70.0,NEUTRAL,"Policy Bias: MIXED (혼조) (WEAK, score=+0.5) | REAL_RATEΔ N/A / FCI value=N/A (low-frequency) / DXYΔ +0.100 / US10YΔ -0.025",4.49,2.710464091090295,HIGH,NEUTRAL,2,🟡 VOL STRESS TRANSITION,2,1.0,🌱 LIGHT TRACE,CREDIT_STRESS,HARD RISK-OFF,1.4616906870381288,55,0,-10,10,0,0,0,0,1,-20,0,0,36,20,-16,100,20,0,20,328.5383605957031,0.0059939371392716545,0.018940053661937295,0.039676021975664,True,16,OPPORTUNITY_COST,0.0009590299422834647,OPPORTUNITY_COST,0.0030304085859099673,OPPORTUNITY_COST,0.00634816351610624
2020-11-23,PASS,2020-11-18,2020-11-23,,,2020-11-23,2020-11-23,70.0,NEUTRAL,"Policy Bias: TIGHTENING (긴축) (MODERATE, score=+1.5) | REAL_RATEΔ N/A / FCI value=N/A (low-frequency) / DXYΔ +0.120 / US10YΔ +0.028",4.43,2.710464091090295,HIGH,NEUTRAL,2,🟡 VOL STRESS TRANSITION,1,2.0,🌱 LIGHT TRACE,STAGFLATION_RISK,HARD RISK-OFF / INFLATION SHOCK,1.521731717092516,55,-10,-10,10,0,0,0,0,1,-12,-4,0,30,20,-10,100,20,0,20,330.5075988769531,0.01611411114218697,0.02394692999760939,0.03173939824782335,True,10,OPPORTUNITY_COST,0.001611411114218697,OPPORTUNITY_COST,0.0023946929997609393,OPPORTUNITY_COST,0.003173939824782335
2020-12-09,PASS,2020-12-09,2020-12-09,,,2020-12-09,2020-12-09,70.0,NEUTRAL,"Policy Bias: TIGHTENING (긴축) (MODERATE, score=+1.5) | REAL_RATEΔ N/A / FCI value=N/A (low-frequency) / DXYΔ +0.120 / US10YΔ +0.028",4.04,0.2996470967664338,HIGH,NEUTRAL,2,🟡 VOL STRESS TRANSITION,1,1.0,🌱 LIGHT TRACE,CREDIT_STRESS,HARD RISK-OFF,1.6460016394879344,55,-10,-10,10,0,0,0,0,1,-20,-4,0,22,20,-2,100,20,0,20,339.1897888183594,-0.0003274080484078068,0.00904956205687113,0.04371036902818837,True,2,DEFENSIVE_SUCCESS,-6.548160968156136e-06,OPPORTUNITY_COST,0.0001809912411374226,OPPORTUNITY_COST,0.0008742073805637673
2020-12-10,PASS,2020-12-09,2020-12-10,,,2020-12-10,2020-12-10,70.0,NEUTRAL,"Policy Bias: EASING (완화) (MODERATE, score=-1.5) | REAL_RATEΔ N/A / FCI value=N/A (low-frequency) / DXYΔ -0.300 / US10YΔ -0.033",4.08,0.2996470967664338,HIGH,COST-PUSH STRUCTURE (비용 주도 구조),2,🟡 VOL STRESS TRANSITION,1,1.0,🌱 LIGHT TRACE,CREDIT_STRESS,HARD RISK-OFF,1.6264015188815262,55,10,-10,10,0,0,0,0,1,-20,-4,0,42,20,-22,100,20,0,20,339.0787353515625,-0.0011726289027779169,0.015024482194653022,0.037014356671429605,True,22,DEFENSIVE_SUCCESS,-0.0002579783586111417,OPPORTUNITY_COST,0.0033053860828236646,OPPORTUNITY_COST,0.008143158467714512
2020-12-11,PASS,2020-12-09,2020-12-11,,,2020-12-11,2020-12-11,70.0,NEUTRAL,"Policy Bias: MIXED (혼조) (WEAK, score=+0.5) | REAL_RATEΔ N/A / FCI value=N/A (low-frequency) / DXYΔ +0.190 / US10YΔ -0.015",4.13,0.2996470967664338,HIGH,NEUTRAL,2,🟡 VOL STRESS TRANSITION,1,1.0,🌱 LIGHT TRACE,CREDIT_STRESS,HARD RISK-OFF,1.6006611540708855,55,0,-10,10,0,0,0,0,1,-20,-4,0,32,20,-12,100,20,0,20,338.6811218261719,-0.004476971910819527,0.01215860329649665,0.03845113802129996,True,12,DEFENSIVE_SUCCESS,-0.0005372366292983432,OPPORTUNITY_COST,0.001459032395579598,OPPORTUNITY_COST,0.004614136562555994
2020-12-14,PASS,2020-12-09,2020-12-14,,,2020-12-14,2020-12-14,70.0,NEUTRAL,"Policy Bias: EASING (완화) (MODERATE, score=-1.5) | REAL_RATEΔ N/A / FCI value=N/A (low-frequency) / DXYΔ -0.270 / US10YΔ -0.001",4.07,0.2996470967664338,HIGH,NEUTRAL,2,🟡 VOL STRESS TRANSITION,1,1.0,🌱 LIGHT TRACE,CREDIT_STRESS,HARD RISK-OFF,1.5341872666773564,55,10,-10,10,0,0,0,0,1,-20,-4,0,42,20,-22,100,20,0,20,337.16485595703125,0.013519374798723227,0.013075502311775455,0.0459302124559815,True,22,OPPORTUNITY_COST,0.00297426245571911,OPPORTUNITY_COST,0.0028766105085906,OPPORTUNITY_COST,0.01010464674031593
2020-12-21,PASS,2020-12-16,2020-12-21,,,2020-12-21,2020-12-21,80.0,GREED,"Policy Bias: MIXED (혼조) (WEAK, score=+0.5) | REAL_RATEΔ N/A / FCI value=N/A (low-frequency) / DXYΔ +0.020 / US10YΔ -0.007",4.18,2.180622415599052,HIGH,WEAK DEMAND + RISK-OFF (수요 둔화),2,🟡 VOL STRESS TRANSITION,1,1.0,🌱 LIGHT TRACE,CREDIT_STRESS,HARD RISK-OFF,1.6088394760520446,70,0,-10,10,0,0,0,0,1,-20,-4,0,47,20,-27,100,20,0,20,341.5734558105469,-0.0016855660740382472,0.009785950262667154,0.04452749873377049,True,27,DEFENSIVE_SUCCESS,-0.0004551028399903268,OPPORTUNITY_COST,0.0026422065709201317,OPPORTUNITY_COST,0.012022424658118033
