date,pit_status,_liq_asof,_hy_asof,_fred_asof,_sov_asof,_sentiment_asof,_pos_asof,sentiment_fear_greed,sentiment_state,policy_bias_line,hy_oas_today,net_liq_pct_change,net_liq_level_bucket,struct_v2_state,drift_score,gamma_state,flow_score,prev_flow_score,prev_flow_state,macro_narrative,market_regime,sp500_pos_z,base_budget,structure_delta,credit_delta,liquidity_delta,structural_v2_delta,drift_delta,flow_gamma_delta,flow_continuity_delta,flow_regime_delta,macro_delta,positioning_delta,event_floor_delta,pre_cap_budget,phase_cap,phase_cap_effect,v2_cap,final_cap,final_cap_effect,final_budget,A_current,B_no_macro_pre_cap,B_phase_only,C_macro_only,B_lift_vs_current,C_lift_vs_current,macro_phase_overlap
2022-01-03,FIRST_ROW,2021-12-29,2022-01-03,,2022-01-03,2022-01-03,2022-01-03,60.0,NEUTRAL,"Policy Bias: TIGHTENING (긴축) (MODERATE, score=+1.5) | REAL_RATEΔ N/A / FCI value=N/A (low-frequency) / DXYΔ +0.570 / US10YΔ +0.116",3.05,-1.836812227151737,HIGH,GLOBAL FINANCIAL TIGHTENING (글로벌 긴축 구조),2,🟡 POSITIVE-TRANSITION,1,0.0,,STAGFLATION_RISK,SOFT RISK-OFF / STAGFLATION,1.813398849005421,55,-10,5,-5,0,0,0,0,1,-12,-4,0,30,45,0,100,45,0,30,30,42,42,30,12,0,False
2022-01-04,PASS,2021-12-29,2022-01-04,,2022-01-04,2022-01-04,2022-01-04,60.0,NEUTRAL,"Policy Bias: TIGHTENING (긴축) (STRONG, score=+2.5) | REAL_RATEΔ +0.060 / FCI value=N/A (low-frequency) / DXYΔ +0.050 / US10YΔ +0.040",3.09,-1.836812227151737,HIGH,NEUTRAL,2,🟡 POSITIVE-TRANSITION,1,1.0,🌱 LIGHT TRACE,STAGFLATION_RISK,SOFT RISK-OFF / STAGFLATION,1.7939670169147188,55,-10,5,-5,0,0,0,0,1,-12,-4,0,30,45,0,100,45,0,30,30,42,42,30,12,0,False
2022-01-05,PASS,2022-01-05,2022-01-05,,2022-01-05,2022-01-05,2022-01-05,60.0,NEUTRAL,"Policy Bias: MIXED (혼조) (WEAK, score=+0.5) | REAL_RATEΔ +0.090 / FCI value=N/A (low-frequency) / DXYΔ -0.100 / US10YΔ +0.037",3.07,-1.983753581477104,HIGH,NEUTRAL,2,🟡 TRANSITION,2,1.0,🌱 LIGHT TRACE,REFLATION,RISK-ON / REFLATION,1.4673117400963955,55,0,5,-5,0,0,0,0,1,6,0,0,62,85,0,100,85,0,62,62,56,56,62,-6,0,False
2022-01-06,PASS,2022-01-05,2022-01-06,,2022-01-06,2022-01-06,2022-01-06,60.0,NEUTRAL,"Policy Bias: TIGHTENING (긴축) (STRONG, score=+2.5) | REAL_RATEΔ +0.090 / FCI value=N/A (low-frequency) / DXYΔ +0.060 / US10YΔ +0.028",3.15,-1.983753581477104,HIGH,NEUTRAL,2,🟡 TRANSITION,2,2.0,🌱 LIGHT TRACE,STAGFLATION_RISK,SOFT RISK-OFF / STAGFLATION,1.4423343794300008,55,-10,5,-5,0,0,0,0,1,-12,0,0,34,45,0,100,45,0,34,34,46,45,34,11,0,False
2022-01-07,PASS,2022-01-05,2022-01-07,,2022-01-07,2022-01-07,2022-01-07,60.0,NEUTRAL,"Policy Bias: MIXED (혼조) (WEAK, score=+0.5) | REAL_RATEΔ +0.010 / FCI value=-0.562 (low-frequency) / DXYΔ -0.510 / US10YΔ +0.038",3.2,-1.983753581477104,HIGH,NEUTRAL,2,🟡 TRANSITION,2,2.0,🌱 LIGHT TRACE,UNKNOWN_TRANSITION,TRANSITION / MIXED,1.36835391081829,55,0,5,-5,0,0,0,0,1,0,0,0,56,65,0,100,65,0,56,56,56,56,56,0,0,False
2022-01-10,PASS,2022-01-05,2022-01-10,,2022-01-10,2022-01-10,2022-01-10,60.0,NEUTRAL,"Policy Bias: TIGHTENING (긴축) (STRONG, score=+2.5) | REAL_RATEΔ +0.020 / FCI value=-0.562 (low-frequency) / DXYΔ +0.250 / US10YΔ +0.009",3.24,-1.983753581477104,HIGH,GLOBAL FINANCIAL TIGHTENING (글로벌 긴축 구조),2,🟡 TRANSITION,2,2.0,🌱 LIGHT TRACE,TIGHTENING_GROWTH_SCARE,SOFT RISK-OFF,1.338570063244836,55,-10,5,-5,0,0,0,0,1,-8,0,0,38,45,0,100,45,0,38,38,46,45,38,7,0,False
2022-01-11,PASS,2022-01-05,2022-01-11,,2022-01-11,2022-01-11,2022-01-11,60.0,NEUTRAL,"Policy Bias: EASING (완화) (STRONG, score=-2.5) | REAL_RATEΔ -0.090 / FCI value=-0.562 (low-frequency) / DXYΔ -0.370 / US10YΔ -0.034",3.18,-1.983753581477104,HIGH,COST-PUSH STRUCTURE (비용 주도 구조),2,🟡 TRANSITION,2,2.0,🌱 LIGHT TRACE,POLICY_EASING,EVENT-WATCHING / POLICY SHIFT,1.4749324818627296,55,10,5,-5,0,0,0,0,1,0,0,0,66,100,0,100,100,0,66,66,66,66,66,0,0,False
2022-01-12,PASS,2022-01-12,2022-01-12,,2022-01-12,2022-01-12,2022-01-12,60.0,NEUTRAL,"Policy Bias: MIXED (혼조) (WEAK, score=-0.5) | REAL_RATEΔ +0.050 / FCI value=-0.562 (low-frequency) / DXYΔ -0.620 / US10YΔ -0.021",3.06,-0.5270441709660919,HIGH,NEUTRAL,2,🟡 POSITIVE-TRANSITION,1,2.0,🌱 LIGHT TRACE,POLICY_EASING,RISK-ON / LIQUIDITY,1.5076567937553538,55,0,5,-5,0,0,0,0,1,5,-4,0,57,85,0,100,85,0,57,57,52,52,57,-5,0,False
2022-01-13,PASS,2022-01-12,2022-01-13,,2022-01-13,2022-01-13,2022-01-13,60.0,NEUTRAL,"Policy Bias: MIXED (혼조) (WEAK, score=-0.5) | REAL_RATEΔ +0.010 / FCI value=-0.562 (low-frequency) / DXYΔ -0.210 / US10YΔ -0.014",3.1,-0.5270441709660919,HIGH,NEUTRAL,2,🟡 VOL STRESS TRANSITION,2,1.0,🌱 LIGHT TRACE,DISINFLATION,EARLY RISK-ON,1.273038607842499,55,0,5,-5,0,0,0,0,1,0,0,0,56,100,0,100,100,0,56,56,56,56,56,0,0,False
2022-01-14,PASS,2022-01-12,2022-01-14,,2022-01-14,2022-01-14,2022-01-14,60.0,NEUTRAL,"Policy Bias: TIGHTENING (긴축) (STRONG, score=+2.5) | REAL_RATEΔ +0.070 / FCI value=-0.562 (low-frequency) / DXYΔ +0.380 / US10YΔ +0.061",3.09,-0.5270441709660919,HIGH,GLOBAL FINANCIAL TIGHTENING (글로벌 긴축 구조),2,🟡 TRANSITION,2,2.0,🌱 LIGHT TRACE,STAGFLATION_RISK,SOFT RISK-OFF / STAGFLATION,1.27285133223269,55,-10,5,-5,0,0,0,0,1,-12,0,0,34,45,0,100,45,0,34,34,46,45,34,11,0,False
2022-01-17,PASS,2022-01-12,2022-01-17,,2022-01-17,2022-01-17,2022-01-17,50.0,NEUTRAL,"Policy Bias: MIXED (혼조) (WEAK, score=+0.0) | REAL_RATEΔ +0.000 / FCI value=-0.562 (low-frequency) / DXYΔ N/A / US10YΔ N/A",3.09,-0.5270441709660919,HIGH,NEUTRAL,2,🟡 TRANSITION,2,2.0,🌱 LIGHT TRACE,UNKNOWN_TRANSITION,TRANSITION / MIXED,0.0,55,0,5,-5,0,0,0,0,1,0,0,0,56,65,0,100,65,0,56,56,56,56,56,0,0,False
2022-01-18,PASS,2022-01-12,2022-01-18,,2022-01-18,2022-01-18,2022-01-18,60.0,NEUTRAL,"Policy Bias: TIGHTENING (긴축) (STRONG, score=+2.5) | REAL_RATEΔ +0.070 / FCI value=-0.562 (low-frequency) / DXYΔ +0.560 / US10YΔ +0.093",3.12,-0.5270441709660919,HIGH,GLOBAL FINANCIAL TIGHTENING (글로벌 긴축 구조),2,🟡 VOL STRESS TRANSITION,2,2.0,🌱 LIGHT TRACE,STAGFLATION_RISK,SOFT RISK-OFF / STAGFLATION,0.9770030208961942,55,-10,5,-5,0,0,0,0,1,-12,0,0,34,45,0,100,45,0,34,34,46,45,34,11,0,False
2022-01-19,PASS,2022-01-19,2022-01-19,,2022-01-19,2022-01-19,2022-01-19,60.0,NEUTRAL,"Policy Bias: MIXED (혼조) (WEAK, score=-0.5) | REAL_RATEΔ +0.020 / FCI value=-0.562 (low-frequency) / DXYΔ -0.220 / US10YΔ -0.038",3.11,0.5658881257245273,HIGH,NEUTRAL,2,🟡 VOL STRESS TRANSITION,2,2.0,🌱 LIGHT TRACE,UNKNOWN_TRANSITION,TRANSITION / MIXED,0.8025893645090302,55,0,5,10,0,0,0,0,1,0,0,0,71,65,-6,100,65,0,65,65,71,65,71,0,6,False
2022-01-20,PASS,2022-01-19,2022-01-20,,2022-01-20,2022-01-20,2022-01-20,70.0,NEUTRAL,"Policy Bias: TIGHTENING (긴축) (STRONG, score=+2.5) | REAL_RATEΔ +0.070 / FCI value=-0.562 (low-frequency) / DXYΔ +0.230 / US10YΔ +0.006",3.1,0.5658881257245273,HIGH,GLOBAL FINANCIAL TIGHTENING (글로벌 긴축 구조),2,🟡 VOL STRESS TRANSITION,2,2.0,🌱 LIGHT TRACE,TIGHTENING_GROWTH_SCARE,HARD RISK-OFF,0.6171460486983064,55,-10,5,10,0,0,0,0,1,-8,0,0,53,20,-33,100,20,0,20,20,61,20,53,0,33,True
2022-01-21,PASS,2022-01-19,2022-01-21,,2022-01-21,2022-01-21,2022-01-21,70.0,NEUTRAL,"Policy Bias: EASING (완화) (STRONG, score=-2.5) | REAL_RATEΔ -0.090 / FCI value=-0.555 (low-frequency) / DXYΔ -0.100 / US10YΔ -0.086",3.29,0.5658881257245273,HIGH,WEAK DEMAND + RISK-OFF (수요 둔화),2,🟡 VOL STRESS TRANSITION,2,2.0,🌱 LIGHT TRACE,DISINFLATION,EARLY RISK-ON,0.2937758028166572,55,10,5,10,0,0,0,0,1,0,0,0,81,100,0,100,100,0,81,81,81,81,81,0,0,False
2022-01-24,PASS,2022-01-19,2022-01-24,,2022-01-24,2022-01-24,2022-01-24,70.0,NEUTRAL,"Policy Bias: MIXED (혼조) (WEAK, score=-0.5) | REAL_RATEΔ -0.040 / FCI value=-0.555 (low-frequency) / DXYΔ +0.280 / US10YΔ -0.012",3.44,0.5658881257245273,HIGH,SYSTEMIC HEDGE (시스템적 위험 회피),2,🟡 VOL STRESS TRANSITION,2,2.0,🌱 LIGHT TRACE,UNKNOWN_TRANSITION,TRANSITION / MIXED,0.3548659999823525,55,0,5,10,-20,0,0,0,1,0,0,0,51,30,-21,30,30,0,30,30,51,30,51,0,21,False
2022-01-25,PASS,2022-01-19,2022-01-25,,2022-01-25,2022-01-25,2022-01-25,80.0,GREED,"Policy Bias: TIGHTENING (긴축) (MODERATE, score=+1.5) | REAL_RATEΔ +0.000 / FCI value=-0.555 (low-frequency) / DXYΔ +0.030 / US10YΔ +0.048",3.39,0.5658881257245273,HIGH,NEUTRAL,2,🟡 VOL STRESS TRANSITION,2,2.0,🌱 LIGHT TRACE,STAGFLATION_RISK,SOFT RISK-OFF / STAGFLATION,0.1515781190917677,70,-10,5,10,0,0,0,0,1,-12,0,0,64,45,-19,100,45,0,45,45,76,45,64,0,19,True
2022-01-26,PASS,2022-01-26,2022-01-26,,2022-01-26,2022-01-26,2022-01-26,80.0,GREED,"Policy Bias: TIGHTENING (긴축) (STRONG, score=+2.5) | REAL_RATEΔ +0.100 / FCI value=-0.555 (low-frequency) / DXYΔ +0.540 / US10YΔ +0.065",3.25,-1.5933844454901678,HIGH,GLOBAL FINANCIAL TIGHTENING (글로벌 긴축 구조),2,🟡 VOL STRESS TRANSITION,2,2.0,🌱 LIGHT TRACE,STAGFLATION_RISK,SOFT RISK-OFF / STAGFLATION,0.1048031206303493,70,-10,5,-5,0,0,0,0,1,-12,0,0,49,45,-4,100,45,0,45,45,61,45,49,0,4,True
2022-01-27,PASS,2022-01-26,2022-01-27,,2022-01-27,2022-01-27,2022-01-27,80.0,GREED,"Policy Bias: MIXED (혼조) (WEAK, score=-0.5) | REAL_RATEΔ -0.060 / FCI value=-0.555 (low-frequency) / DXYΔ +0.770 / US10YΔ -0.041",3.46,-1.5933844454901678,HIGH,NEUTRAL,2,🟡 VOL STRESS TRANSITION,2,2.0,🌱 LIGHT TRACE,UNKNOWN_TRANSITION,TRANSITION / MIXED,0.0186844508762793,70,0,5,-5,0,0,0,0,1,0,0,0,71,65,-6,100,65,0,65,65,71,65,71,0,6,False
2022-01-28,PASS,2022-01-26,2022-01-28,,2022-01-28,2022-01-28,2022-01-28,70.0,NEUTRAL,"Policy Bias: MIXED (혼조) (WEAK, score=-0.5) | REAL_RATEΔ -0.070 / FCI value=-0.541 (low-frequency) / DXYΔ +0.010 / US10YΔ -0.025",3.61,-1.5933844454901678,HIGH,NEUTRAL,2,🟡 VOL STRESS TRANSITION,2,2.0,🌱 LIGHT TRACE,UNKNOWN_TRANSITION,TRANSITION / MIXED,0.4111678840794743,55,0,5,-5,0,0,0,0,1,0,0,0,56,65,0,100,65,0,56,56,56,56,56,0,0,False
2022-01-31,PASS,2022-01-26,2022-01-31,,2022-01-31,2022-01-31,2022-01-31,60.0,NEUTRAL,"Policy Bias: MIXED (혼조) (WEAK, score=+0.0) | REAL_RATEΔ +0.010 / FCI value=-0.541 (low-frequency) / DXYΔ -0.730 / US10YΔ +0.000",3.63,-1.5933844454901678,HIGH,NEUTRAL,2,🟡 VOL STRESS TRANSITION,2,2.0,🌱 LIGHT TRACE,UNKNOWN_TRANSITION,TRANSITION / MIXED,0.7029188847669884,55,0,5,-5,0,0,0,0,1,0,0,0,56,65,0,100,65,0,56,56,56,56,56,0,0,False
2022-02-01,PASS,2022-01-26,2022-02-01,,2022-02-01,2022-02-01,2022-02-01,60.0,NEUTRAL,"Policy Bias: MIXED (혼조) (WEAK, score=+0.5) | REAL_RATEΔ +0.030 / FCI value=-0.541 (low-frequency) / DXYΔ -0.150 / US10YΔ +0.018",3.51,-1.5933844454901678,HIGH,NEUTRAL,2,🟡 VOL STRESS TRANSITION,2,2.0,🌱 LIGHT TRACE,REFLATION,RISK-ON / REFLATION,0.8107086252762955,55,0,5,-5,0,0,0,0,1,6,0,0,62,85,0,100,85,0,62,62,56,56,62,-6,0,False
2022-02-02,PASS,2022-02-02,2022-02-02,,2022-02-02,2022-02-02,2022-02-02,60.0,NEUTRAL,"Policy Bias: EASING (완화) (STRONG, score=-2.5) | REAL_RATEΔ -0.010 / FCI value=-0.541 (low-frequency) / DXYΔ -0.450 / US10YΔ -0.034",3.45,-0.5844720826353803,HIGH,NEUTRAL,2,🟡 VOL STRESS TRANSITION,2,2.0,🌱 LIGHT TRACE,UNKNOWN_TRANSITION,TRANSITION / MIXED,0.973147062666174,55,10,5,-5,0,0,0,0,1,0,0,0,66,65,-1,100,65,0,65,65,66,65,66,0,1,False
2022-02-03,PASS,2022-02-02,2022-02-03,,2022-02-03,2022-02-03,2022-02-03,60.0,NEUTRAL,"Policy Bias: MIXED (혼조) (WEAK, score=+0.5) | REAL_RATEΔ +0.070 / FCI value=-0.541 (low-frequency) / DXYΔ -0.560 / US10YΔ +0.061",3.51,-0.5844720826353803,HIGH,NEUTRAL,2,🟡 VOL STRESS TRANSITION,2,2.0,🌱 LIGHT TRACE,REFLATION,RISK-ON / REFLATION,0.5604660165034683,55,0,5,-5,0,0,0,0,1,6,0,0,62,85,0,100,85,0,62,62,56,56,62,-6,0,False
2022-02-04,PASS,2022-02-02,2022-02-04,,2022-02-04,2022-02-04,2022-02-04,60.0,NEUTRAL,"Policy Bias: TIGHTENING (긴축) (STRONG, score=+2.5) | REAL_RATEΔ +0.080 / FCI value=-0.522 (low-frequency) / DXYΔ +0.100 / US10YΔ +0.103",3.56,-0.5844720826353803,HIGH,NEUTRAL,2,🟡 VOL STRESS TRANSITION,2,2.0,🌱 LIGHT TRACE,STAGFLATION_RISK,SOFT RISK-OFF / STAGFLATION,0.6339828254804636,55,-10,5,-5,0,0,0,0,1,-12,0,0,34,45,0,100,45,0,34,34,46,45,34,11,0,False
2022-02-07,PASS,2022-02-02,2022-02-07,,2022-02-07,2022-02-07,2022-02-07,60.0,NEUTRAL,"Policy Bias: EASING (완화) (MODERATE, score=-1.5) | REAL_RATEΔ +0.000 / FCI value=-0.522 (low-frequency) / DXYΔ -0.080 / US10YΔ -0.014",3.6,-0.5844720826353803,HIGH,NEUTRAL,2,🟡 VOL STRESS TRANSITION,2,2.0,🌱 LIGHT TRACE,DISINFLATION,EARLY RISK-ON,0.5727049583913352,55,10,5,-5,0,0,0,0,1,0,0,0,66,100,0,100,100,0,66,66,66,66,66,0,0,False
2022-02-08,PASS,2022-02-02,2022-02-08,,2022-02-08,2022-02-08,2022-02-08,60.0,NEUTRAL,"Policy Bias: TIGHTENING (긴축) (STRONG, score=+2.5) | REAL_RATEΔ +0.020 / FCI value=-0.522 (low-frequency) / DXYΔ +0.240 / US10YΔ +0.038",3.55,-0.5844720826353803,HIGH,GLOBAL FINANCIAL TIGHTENING (글로벌 긴축 구조),2,🟡 VOL STRESS TRANSITION,2,2.0,🌱 LIGHT TRACE,TIGHTENING_GROWTH_SCARE,SOFT RISK-OFF,0.7078794909202207,55,-10,5,-5,0,0,0,0,1,-8,0,0,38,45,0,100,45,0,38,38,46,45,38,7,0,False
2022-02-09,PASS,2022-02-09,2022-02-09,,2022-02-09,2022-02-09,2022-02-09,60.0,NEUTRAL,"Policy Bias: EASING (완화) (STRONG, score=-2.5) | REAL_RATEΔ -0.020 / FCI value=-0.522 (low-frequency) / DXYΔ -0.150 / US10YΔ -0.025",3.46,-0.0712468592210237,HIGH,NEUTRAL,2,🟡 TRANSITION,2,2.0,🌱 LIGHT TRACE,POLICY_EASING,EVENT-WATCHING / POLICY SHIFT,0.9568277087742062,55,10,5,-5,0,0,0,0,1,0,0,0,66,100,0,100,100,0,66,66,66,66,66,0,0,False
2022-02-10,PASS,2022-02-09,2022-02-10,,2022-02-10,2022-02-10,2022-02-10,60.0,NEUTRAL,"Policy Bias: TIGHTENING (긴축) (STRONG, score=+2.5) | REAL_RATEΔ +0.060 / FCI value=-0.522 (low-frequency) / DXYΔ +0.060 / US10YΔ +0.102",3.44,-0.0712468592210237,HIGH,NEUTRAL,2,🟡 VOL STRESS TRANSITION,2,2.0,🌱 LIGHT TRACE,STAGFLATION_RISK,SOFT RISK-OFF / STAGFLATION,0.6310956717104442,55,-10,5,-5,0,0,0,0,1,-12,0,0,34,45,0,100,45,0,34,34,46,45,34,11,0,False
2022-02-11,PASS,2022-02-09,2022-02-11,,2022-02-11,2022-02-11,2022-02-11,70.0,NEUTRAL,"Policy Bias: MIXED (혼조) (WEAK, score=-0.5) | REAL_RATEΔ -0.090 / FCI value=-0.497 (low-frequency) / DXYΔ +0.530 / US10YΔ -0.076",3.66,-0.0712468592210237,HIGH,COST-PUSH STRUCTURE (비용 주도 구조),2,🟡 VOL STRESS TRANSITION,2,2.0,🌱 LIGHT TRACE,UNKNOWN_TRANSITION,TRANSITION / MIXED,0.2773541464684448,55,0,5,-5,0,0,0,0,1,0,0,0,56,65,0,100,65,0,56,56,56,56,56,0,0,False
2022-02-14,PASS,2022-02-09,2022-02-14,,2022-02-14,2022-02-14,2022-02-14,70.0,NEUTRAL,"Policy Bias: TIGHTENING (긴축) (STRONG, score=+2.5) | REAL_RATEΔ +0.010 / FCI value=-0.497 (low-frequency) / DXYΔ +0.290 / US10YΔ +0.041",3.74,-0.0712468592210237,HIGH,SYSTEMIC HEDGE (시스템적 위험 회피),2,🟡 VOL STRESS TRANSITION,2,2.0,🌱 LIGHT TRACE,STAGFLATION_RISK,SOFT RISK-OFF / STAGFLATION,0.2127771003001395,55,-10,5,-5,-20,0,0,0,1,-12,0,0,14,30,0,30,30,0,14,14,26,26,14,12,0,False
2022-02-15,PASS,2022-02-09,2022-02-15,,2022-02-15,2022-02-15,2022-02-15,70.0,NEUTRAL,"Policy Bias: MIXED (혼조) (WEAK, score=+0.5) | REAL_RATEΔ +0.070 / FCI value=-0.497 (low-frequency) / DXYΔ -0.380 / US10YΔ +0.049",3.67,-0.0712468592210237,HIGH,NEUTRAL,2,🟡 VOL STRESS TRANSITION,2,2.0,🌱 LIGHT TRACE,UNKNOWN_TRANSITION,TRANSITION / MIXED,0.4884861185120694,55,0,5,-5,0,0,0,0,1,0,0,0,56,65,0,100,65,0,56,56,56,56,56,0,0,False
2022-02-16,PASS,2022-02-16,2022-02-16,,2022-02-16,2022-02-16,2022-02-16,60.0,NEUTRAL,"Policy Bias: MIXED (혼조) (WEAK, score=-0.5) | REAL_RATEΔ +0.000 / FCI value=-0.497 (low-frequency) / DXYΔ -0.290 / US10YΔ +0.002",3.68,0.3281576481834312,HIGH,NEUTRAL,2,🟡 VOL STRESS TRANSITION,2,2.0,🌱 LIGHT TRACE,REFLATION,RISK-ON / REFLATION,0.5022667406194161,55,0,5,10,0,0,0,0,1,6,0,0,77,85,0,100,85,0,77,77,71,71,77,-6,0,False
2022-02-17,PASS,2022-02-16,2022-02-17,,2022-02-17,2022-02-17,2022-02-17,70.0,NEUTRAL,"Policy Bias: MIXED (혼조) (WEAK, score=-0.5) | REAL_RATEΔ -0.030 / FCI value=-0.497 (low-frequency) / DXYΔ +0.100 / US10YΔ -0.075",3.74,0.3281576481834312,HIGH,WEAK DEMAND + RISK-OFF (수요 둔화),2,🟡 VOL STRESS TRANSITION,2,2.0,🌱 LIGHT TRACE,UNKNOWN_TRANSITION,TRANSITION / MIXED,0.1070217479833629,55,0,5,10,0,0,0,0,1,0,0,0,71,65,-6,100,65,0,65,65,71,65,71,0,6,False
2022-02-18,PASS,2022-02-16,2022-02-18,,2022-02-18,2022-02-18,2022-02-18,70.0,NEUTRAL,"Policy Bias: MIXED (혼조) (WEAK, score=-0.5) | REAL_RATEΔ -0.030 / FCI value=-0.468 (low-frequency) / DXYΔ +0.240 / US10YΔ -0.040",3.78,0.3281576481834312,HIGH,NEUTRAL,2,🟡 VOL STRESS TRANSITION,2,2.0,🌱 LIGHT TRACE,UNKNOWN_TRANSITION,TRANSITION / MIXED,-0.0187777220037838,55,0,5,10,0,0,0,0,1,0,0,0,71,65,-6,100,65,0,65,65,71,65,71,0,6,False
2022-02-21,PASS,2022-02-16,2022-02-21,,2022-02-21,2022-02-21,2022-02-21,50.0,NEUTRAL,"Policy Bias: MIXED (혼조) (WEAK, score=+0.0) | REAL_RATEΔ +0.000 / FCI value=-0.468 (low-frequency) / DXYΔ N/A / US10YΔ N/A",3.78,0.3281576481834312,HIGH,NEUTRAL,2,🟡 TRANSITION,2,2.0,🌱 LIGHT TRACE,UNKNOWN_TRANSITION,TRANSITION / MIXED,0.0,55,0,5,10,0,0,0,0,1,0,0,0,71,65,-6,100,65,0,65,65,71,65,71,0,6,False
2022-02-22,PASS,2022-02-16,2022-02-22,,2022-02-22,2022-02-22,2022-02-22,70.0,NEUTRAL,"Policy Bias: EASING (완화) (MODERATE, score=-1.5) | REAL_RATEΔ -0.020 / FCI value=-0.468 (low-frequency) / DXYΔ -0.010 / US10YΔ +0.016",3.75,0.3281576481834312,HIGH,NEUTRAL,2,🟡 VOL STRESS TRANSITION,2,2.0,🌱 LIGHT TRACE,REFLATION,RISK-ON / REFLATION,-0.2368038364494374,55,10,5,10,0,0,0,0,1,6,0,0,87,85,-2,100,85,0,85,85,81,81,87,-4,2,False
2022-02-23,PASS,2022-02-23,2022-02-23,,2022-02-23,2022-02-23,2022-02-23,80.0,GREED,"Policy Bias: MIXED (혼조) (WEAK, score=+0.5) | REAL_RATEΔ -0.030 / FCI value=-0.468 (low-frequency) / DXYΔ +0.160 / US10YΔ +0.029",3.72,0.1424489316448531,HIGH,NEUTRAL,2,🟡 VOL STRESS TRANSITION,2,2.0,🌱 LIGHT TRACE,TIGHTENING_GROWTH_SCARE,HARD RISK-OFF,-0.5750168208421514,70,0,5,10,0,0,0,0,1,-8,0,0,78,20,-58,100,20,0,20,20,86,20,78,0,58,True
2022-02-24,PASS,2022-02-23,2022-02-24,,2022-02-24,2022-02-24,2022-02-24,80.0,GREED,"Policy Bias: MIXED (혼조) (WEAK, score=-0.5) | REAL_RATEΔ -0.050 / FCI value=-0.468 (low-frequency) / DXYΔ +0.950 / US10YΔ -0.008",3.93,0.1424489316448531,HIGH,SYSTEMIC HEDGE (시스템적 위험 회피),2,🟡 VOL STRESS TRANSITION,2,2.0,🌱 LIGHT TRACE,UNKNOWN_TRANSITION,TRANSITION / MIXED,-0.3137192456015807,70,0,5,10,-20,0,0,0,1,0,0,0,66,30,-36,30,30,0,30,30,66,30,66,0,36,False
2022-02-25,PASS,2022-02-23,2022-02-25,,2022-02-25,2022-02-25,2022-02-25,70.0,NEUTRAL,"Policy Bias: MIXED (혼조) (WEAK, score=+0.5) | REAL_RATEΔ +0.020 / FCI value=-0.439 (low-frequency) / DXYΔ -0.520 / US10YΔ +0.017",3.62,0.1424489316448531,HIGH,NEUTRAL,2,🟡 VOL STRESS TRANSITION,2,2.0,🌱 LIGHT TRACE,UNKNOWN_TRANSITION,TRANSITION / MIXED,0.0880312808077307,55,0,5,10,0,0,0,0,1,0,0,0,71,65,-6,100,65,0,65,65,71,65,71,0,6,False
2022-02-28,PASS,2022-02-23,2022-02-28,,2022-02-28,2022-02-28,2022-02-28,80.0,GREED,"Policy Bias: MIXED (혼조) (WEAK, score=-0.5) | REAL_RATEΔ -0.220 / FCI value=-0.439 (low-frequency) / DXYΔ +0.090 / US10YΔ -0.147",3.77,0.1424489316448531,HIGH,COST-PUSH STRUCTURE (비용 주도 구조),2,🟡 VOL STRESS TRANSITION,2,2.0,🌱 LIGHT TRACE,UNKNOWN_TRANSITION,TRANSITION / MIXED,0.0304931683369696,70,0,5,10,0,0,0,0,1,0,0,0,86,65,-21,100,65,0,65,65,86,65,86,0,21,False
2022-03-01,PASS,2022-02-23,2022-03-01,,2022-03-01,2022-03-01,2022-03-01,80.0,GREED,"Policy Bias: MIXED (혼조) (WEAK, score=-0.5) | REAL_RATEΔ -0.110 / FCI value=-0.439 (low-frequency) / DXYΔ +0.700 / US10YΔ -0.132",3.89,0.1424489316448531,HIGH,SYSTEMIC HEDGE (시스템적 위험 회피),2,🟡 VOL STRESS TRANSITION,2,2.0,🌱 LIGHT TRACE,UNKNOWN_TRANSITION,TRANSITION / MIXED,-0.2737541658942128,70,0,5,10,-20,0,0,0,1,0,0,0,66,30,-36,30,30,0,30,30,66,30,66,0,36,False
2022-03-02,PASS,2022-03-02,2022-03-02,,2022-03-02,2022-03-02,2022-03-02,80.0,GREED,"Policy Bias: MIXED (혼조) (WEAK, score=+0.5) | REAL_RATEΔ +0.050 / FCI value=-0.439 (low-frequency) / DXYΔ -0.020 / US10YΔ +0.158",3.71,-0.1036256232860739,HIGH,NEUTRAL,2,🟡 VOL STRESS TRANSITION,2,2.0,🌱 LIGHT TRACE,REFLATION,RISK-ON / REFLATION,0.0715660028443939,70,0,5,-5,0,0,0,0,1,6,0,0,77,85,0,100,85,0,77,77,71,71,77,-6,0,False
2022-03-03,PASS,2022-03-02,2022-03-03,,2022-03-03,2022-03-03,2022-03-03,80.0,GREED,"Policy Bias: TIGHTENING (긴축) (MODERATE, score=+1.5) | REAL_RATEΔ +0.020 / FCI value=-0.439 (low-frequency) / DXYΔ +0.400 / US10YΔ -0.021",3.71,-0.1036256232860739,HIGH,SYSTEMIC HEDGE (시스템적 위험 회피),2,🟡 VOL STRESS TRANSITION,2,2.0,🌱 LIGHT TRACE,UNKNOWN_TRANSITION,TRANSITION / MIXED,-0.0352345804856018,70,-10,5,-5,-20,0,0,0,1,0,0,0,41,30,-11,30,30,0,30,30,41,30,41,0,11,False
2022-03-04,PASS,2022-03-02,2022-03-04,,2022-03-04,2022-03-04,2022-03-04,80.0,GREED,"Policy Bias: MIXED (혼조) (WEAK, score=-0.5) | REAL_RATEΔ -0.100 / FCI value=-0.412 (low-frequency) / DXYΔ +0.860 / US10YΔ -0.120",3.9,-0.1036256232860739,HIGH,SYSTEMIC HEDGE (시스템적 위험 회피),2,🟡 VOL STRESS TRANSITION,2,2.0,🌱 LIGHT TRACE,UNKNOWN_TRANSITION,TRANSITION / MIXED,-0.2052659582768424,70,0,5,-5,-20,0,0,0,1,0,0,0,51,30,-21,30,30,0,30,30,51,30,51,0,21,False
2022-03-07,PASS,2022-03-02,2022-03-07,,2022-03-07,2022-03-07,2022-03-07,90.0,GREED,"Policy Bias: MIXED (혼조) (WEAK, score=+0.5) | REAL_RATEΔ -0.060 / FCI value=-0.412 (low-frequency) / DXYΔ +0.640 / US10YΔ +0.027",4.01,-0.1036256232860739,HIGH,SYSTEMIC HEDGE (시스템적 위험 회피),2,🟡 VOL STRESS TRANSITION,2,2.0,🌱 LIGHT TRACE,STAGFLATION_RISK,HARD RISK-OFF / INFLATION SHOCK,-0.8030090380428161,70,0,-10,-5,-20,0,0,0,1,-12,0,0,24,20,-4,30,20,0,20,20,36,20,24,0,4,True
2022-03-08,PASS,2022-03-02,2022-03-08,,2022-03-08,2022-03-08,2022-03-08,90.0,GREED,"Policy Bias: EASING (완화) (MODERATE, score=-1.5) | REAL_RATEΔ -0.050 / FCI value=-0.412 (low-frequency) / DXYΔ -0.230 / US10YΔ +0.121",4.03,-0.1036256232860739,HIGH,NEUTRAL,2,🟡 VOL STRESS TRANSITION,2,2.0,🌱 LIGHT TRACE,REFLATION,RISK-ON / REFLATION,-0.9653532695345206,70,10,-10,-5,0,0,0,0,1,6,0,0,72,85,0,100,85,0,72,72,66,66,72,-6,0,False
2022-03-09,PASS,2022-03-09,2022-03-09,,2022-03-09,2022-03-09,2022-03-09,80.0,GREED,"Policy Bias: MIXED (혼조) (WEAK, score=+0.5) | REAL_RATEΔ +0.140 / FCI value=-0.412 (low-frequency) / DXYΔ -1.090 / US10YΔ +0.076",3.94,0.4518320009372954,HIGH,NEUTRAL,2,🟡 VOL STRESS TRANSITION,2,2.0,🌱 LIGHT TRACE,UNKNOWN_TRANSITION,TRANSITION / MIXED,-0.4559487259164682,70,0,5,10,0,0,0,0,1,0,0,0,86,65,-21,100,65,0,65,65,86,65,86,0,21,False
2022-03-10,PASS,2022-03-09,2022-03-10,,2022-03-10,2022-03-10,2022-03-10,80.0,GREED,"Policy Bias: TIGHTENING (긴축) (STRONG, score=+2.5) | REAL_RATEΔ +0.020 / FCI value=-0.412 (low-frequency) / DXYΔ +0.540 / US10YΔ +0.063",4.0,0.4518320009372954,HIGH,GLOBAL FINANCIAL TIGHTENING (글로벌 긴축 구조),2,🟡 VOL STRESS TRANSITION,2,2.0,🌱 LIGHT TRACE,TIGHTENING_GROWTH_SCARE,HARD RISK-OFF,-0.5612711784703635,70,-10,-10,10,0,0,0,0,1,-8,0,0,53,20,-33,100,20,0,20,20,61,20,53,0,33,True
2022-03-11,PASS,2022-03-09,2022-03-11,,2022-03-11,2022-03-11,2022-03-11,90.0,GREED,"Policy Bias: MIXED (혼조) (WEAK, score=-0.5) | REAL_RATEΔ -0.060 / FCI value=-0.391 (low-frequency) / DXYΔ +0.610 / US10YΔ -0.007",4.05,0.4518320009372954,HIGH,COST-PUSH STRUCTURE (비용 주도 구조),2,🟡 VOL STRESS TRANSITION,2,2.0,🌱 LIGHT TRACE,CREDIT_STRESS,HARD RISK-OFF,-0.8369416587945667,70,0,-10,10,0,0,0,0,1,-20,0,0,51,20,-31,100,20,0,20,20,71,20,51,0,31,True
2022-03-14,PASS,2022-03-09,2022-03-14,,2022-03-14,2022-03-14,2022-03-14,90.0,GREED,"Policy Bias: MIXED (혼조) (WEAK, score=+0.5) | REAL_RATEΔ +0.150 / FCI value=-0.391 (low-frequency) / DXYΔ -0.060 / US10YΔ +0.136",4.16,0.4518320009372954,HIGH,WEAK DEMAND + RISK-OFF (수요 둔화),2,🟡 VOL STRESS TRANSITION,2,2.0,🌱 LIGHT TRACE,CREDIT_STRESS,HARD RISK-OFF,-1.002416433678815,70,0,-10,10,0,0,0,0,1,-20,0,0,51,20,-31,100,20,0,20,20,71,20,51,0,31,True
2022-03-15,PASS,2022-03-09,2022-03-15,,2022-03-15,2022-03-15,2022-03-15,80.0,GREED,"Policy Bias: TIGHTENING (긴축) (STRONG, score=+2.5) | REAL_RATEΔ +0.100 / FCI value=-0.391 (low-frequency) / DXYΔ +0.010 / US10YΔ +0.020",4.21,0.4518320009372954,HIGH,NEUTRAL,2,🟡 VOL STRESS TRANSITION,2,2.0,🌱 LIGHT TRACE,TIGHTENING_GROWTH_SCARE,HARD RISK-OFF,-0.566505726209699,70,-10,-10,10,0,0,0,0,1,-8,0,0,53,20,-33,100,20,0,20,20,61,20,53,0,33,True
2022-03-16,PASS,2022-03-16,2022-03-16,,2022-03-16,2022-03-16,2022-03-16,70.0,NEUTRAL,"Policy Bias: MIXED (혼조) (WEAK, score=+0.5) | REAL_RATEΔ +0.080 / FCI value=-0.391 (low-frequency) / DXYΔ -0.690 / US10YΔ +0.028",3.96,1.5128660305022823,HIGH,NEUTRAL,2,🟡 VOL STRESS TRANSITION,2,2.0,🌱 LIGHT TRACE,UNKNOWN_TRANSITION,TRANSITION / MIXED,-0.1101874407561519,55,0,5,10,0,0,0,0,1,0,0,0,71,65,-6,100,65,0,65,65,71,65,71,0,6,False
2022-03-17,PASS,2022-03-16,2022-03-17,,2022-03-17,2022-03-17,2022-03-17,70.0,NEUTRAL,"Policy Bias: EASING (완화) (MODERATE, score=-1.5) | REAL_RATEΔ -0.100 / FCI value=-0.391 (low-frequency) / DXYΔ -0.370 / US10YΔ +0.004",3.81,1.5128660305022823,HIGH,NEUTRAL,2,🟡 VOL STRESS TRANSITION,2,2.0,🌱 LIGHT TRACE,REFLATION,RISK-ON / REFLATION,0.1531052690027243,55,10,5,10,0,0,0,0,1,6,0,0,87,85,-2,100,85,0,85,85,81,81,87,-4,2,False
2022-03-18,PASS,2022-03-16,2022-03-18,,2022-03-18,2022-03-18,2022-03-18,60.0,NEUTRAL,"Policy Bias: MIXED (혼조) (WEAK, score=-0.5) | REAL_RATEΔ -0.010 / FCI value=-0.379 (low-frequency) / DXYΔ +0.220 / US10YΔ -0.044",3.81,1.5128660305022823,HIGH,NEUTRAL,2,🟡 VOL STRESS TRANSITION,2,2.0,🌱 LIGHT TRACE,UNKNOWN_TRANSITION,TRANSITION / MIXED,0.3899380486445576,55,0,5,10,0,0,0,0,1,0,0,0,71,65,-6,100,65,0,65,65,71,65,71,0,6,False
2022-03-21,PASS,2022-03-16,2022-03-21,,2022-03-21,2022-03-21,2022-03-21,60.0,NEUTRAL,"Policy Bias: TIGHTENING (긴축) (STRONG, score=+2.5) | REAL_RATEΔ +0.140 / FCI value=-0.379 (low-frequency) / DXYΔ +0.270 / US10YΔ +0.167",3.67,1.5128660305022823,HIGH,GLOBAL FINANCIAL TIGHTENING (글로벌 긴축 구조),2,🟡 VOL STRESS TRANSITION,2,2.0,🌱 LIGHT TRACE,STAGFLATION_RISK,SOFT RISK-OFF / STAGFLATION,0.3764237883800398,55,-10,5,10,0,0,0,0,1,-12,0,0,49,45,-4,100,45,0,45,45,61,45,49,0,4,True
2022-03-22,PASS,2022-03-16,2022-03-22,,2022-03-22,2022-03-22,2022-03-22,60.0,NEUTRAL,"Policy Bias: MIXED (혼조) (WEAK, score=+0.5) | REAL_RATEΔ +0.050 / FCI value=-0.379 (low-frequency) / DXYΔ -0.010 / US10YΔ +0.058",3.7,1.5128660305022823,HIGH,NEUTRAL,2,🟡 VOL STRESS TRANSITION,2,2.0,🌱 LIGHT TRACE,UNKNOWN_TRANSITION,TRANSITION / MIXED,0.6430008552641517,55,0,5,10,0,0,0,0,1,0,0,0,71,65,-6,100,65,0,65,65,71,65,71,0,6,False
2022-03-23,PASS,2022-03-23,2022-03-23,,2022-03-23,2022-03-23,2022-03-23,60.0,NEUTRAL,"Policy Bias: MIXED (혼조) (WEAK, score=-0.5) | REAL_RATEΔ -0.090 / FCI value=-0.379 (low-frequency) / DXYΔ +0.130 / US10YΔ -0.052",3.72,-0.4298637289046463,HIGH,COST-PUSH STRUCTURE (비용 주도 구조),2,🟡 VOL STRESS TRANSITION,2,2.0,🌱 LIGHT TRACE,UNKNOWN_TRANSITION,TRANSITION / MIXED,0.3370807209308185,55,0,5,-5,0,0,0,0,1,0,0,0,56,65,0,100,65,0,56,56,56,56,56,0,0,False
2022-03-24,PASS,2022-03-23,2022-03-24,,2022-03-24,2022-03-24,2022-03-24,60.0,NEUTRAL,"Policy Bias: TIGHTENING (긴축) (STRONG, score=+2.5) | REAL_RATEΔ +0.040 / FCI value=-0.379 (low-frequency) / DXYΔ +0.170 / US10YΔ +0.020",3.67,-0.4298637289046463,HIGH,NEUTRAL,2,🟡 VOL STRESS TRANSITION,2,2.0,🌱 LIGHT TRACE,TIGHTENING_GROWTH_SCARE,SOFT RISK-OFF,0.679129662668325,55,-10,5,-5,0,0,0,0,1,-8,0,0,38,45,0,100,45,0,38,38,46,45,38,7,0,False
2022-03-25,PASS,2022-03-23,2022-03-25,,2022-03-25,2022-03-25,2022-03-25,60.0,NEUTRAL,"Policy Bias: TIGHTENING (긴축) (STRONG, score=+2.5) | REAL_RATEΔ +0.110 / FCI value=-0.374 (low-frequency) / DXYΔ +0.020 / US10YΔ +0.151",3.51,-0.4298637289046463,HIGH,NEUTRAL,2,🟡 VOL STRESS TRANSITION,2,2.0,🌱 LIGHT TRACE,STAGFLATION_RISK,SOFT RISK-OFF / STAGFLATION,0.7882543471211789,55,-10,5,-5,0,0,0,0,1,-12,0,0,34,45,0,100,45,0,34,34,46,45,34,11,0,False
2022-03-28,PASS,2022-03-23,2022-03-28,,2022-03-28,2022-03-28,2022-03-28,60.0,NEUTRAL,"Policy Bias: MIXED (혼조) (WEAK, score=-0.5) | REAL_RATEΔ -0.020 / FCI value=-0.374 (low-frequency) / DXYΔ +0.280 / US10YΔ -0.015",3.54,-0.4298637289046463,HIGH,NEUTRAL,2,🟡 TRANSITION,2,2.0,🌱 LIGHT TRACE,UNKNOWN_TRANSITION,TRANSITION / MIXED,0.9513798526823029,55,0,5,-5,0,0,0,0,1,0,0,0,56,65,0,100,65,0,56,56,56,56,56,0,0,False
2022-03-29,PASS,2022-03-23,2022-03-29,,2022-03-29,2022-03-29,2022-03-29,60.0,NEUTRAL,"Policy Bias: MIXED (혼조) (WEAK, score=-0.5) | REAL_RATEΔ +0.040 / FCI value=-0.374 (low-frequency) / DXYΔ -0.690 / US10YΔ -0.077",3.38,-0.4298637289046463,HIGH,NEUTRAL,2,🟡 TRANSITION,2,2.0,🌱 LIGHT TRACE,DISINFLATION,EARLY RISK-ON,1.2415176864561794,55,0,5,-5,0,0,0,0,1,0,0,0,56,100,0,100,100,0,56,56,56,56,56,0,0,False
2022-03-30,PASS,2022-03-30,2022-03-30,,2022-03-30,2022-03-30,2022-03-30,60.0,NEUTRAL,"Policy Bias: EASING (완화) (STRONG, score=-2.5) | REAL_RATEΔ -0.060 / FCI value=-0.374 (low-frequency) / DXYΔ -0.610 / US10YΔ -0.042",3.33,0.1705745686706858,HIGH,COST-PUSH STRUCTURE (비용 주도 구조),2,🟡 TRANSITION,2,2.0,🌱 LIGHT TRACE,UNKNOWN_TRANSITION,TRANSITION / MIXED,1.0825767586998214,55,10,5,10,0,0,0,0,1,0,0,0,81,65,-16,100,65,0,65,65,81,65,81,0,16,False
2022-03-31,PASS,2022-03-30,2022-03-31,,2022-03-31,2022-03-31,2022-03-31,60.0,NEUTRAL,"Policy Bias: MIXED (혼조) (WEAK, score=-0.5) | REAL_RATEΔ -0.010 / FCI value=-0.374 (low-frequency) / DXYΔ +0.520 / US10YΔ -0.031",3.43,0.1705745686706858,HIGH,SYSTEMIC HEDGE (시스템적 위험 회피),2,🟡 VOL STRESS TRANSITION,2,2.0,🌱 LIGHT TRACE,UNKNOWN_TRANSITION,TRANSITION / MIXED,0.6998548583909779,55,0,5,10,-4,0,0,0,1,0,0,0,67,30,-37,70,30,0,30,30,67,30,67,0,37,False
2022-04-01,PASS,2022-03-30,2022-04-01,,2022-04-01,2022-04-01,2022-04-01,60.0,NEUTRAL,"Policy Bias: TIGHTENING (긴축) (STRONG, score=+2.5) | REAL_RATEΔ +0.110 / FCI value=-0.371 (low-frequency) / DXYΔ +0.320 / US10YΔ +0.050",3.4,0.1705745686706858,HIGH,GLOBAL FINANCIAL TIGHTENING (글로벌 긴축 구조),2,🟡 TRANSITION,2,2.0,🌱 LIGHT TRACE,TIGHTENING_GROWTH_SCARE,SOFT RISK-OFF,0.762013446406456,55,-10,5,10,0,0,0,0,1,-8,0,0,53,45,-8,100,45,0,45,45,61,45,53,0,8,True
2022-04-04,PASS,2022-03-30,2022-04-04,,2022-04-04,2022-04-04,2022-04-04,60.0,NEUTRAL,"Policy Bias: TIGHTENING (긴축) (STRONG, score=+2.5) | REAL_RATEΔ +0.030 / FCI value=-0.371 (low-frequency) / DXYΔ +0.360 / US10YΔ +0.035",3.33,0.1705745686706858,HIGH,GLOBAL FINANCIAL TIGHTENING (글로벌 긴축 구조),2,🟡 TRANSITION,2,2.0,🌱 LIGHT TRACE,STAGFLATION_RISK,SOFT RISK-OFF / STAGFLATION,0.9634370662613988,55,-10,5,10,0,0,0,0,1,-12,0,0,49,45,-4,100,45,0,45,45,61,45,49,0,4,True
2022-04-05,PASS,2022-03-30,2022-04-05,,2022-04-05,2022-04-05,2022-04-05,60.0,NEUTRAL,"Policy Bias: TIGHTENING (긴축) (STRONG, score=+2.5) | REAL_RATEΔ +0.080 / FCI value=-0.371 (low-frequency) / DXYΔ +0.480 / US10YΔ +0.144",3.27,0.1705745686706858,HIGH,GLOBAL FINANCIAL TIGHTENING (글로벌 긴축 구조),2,🟡 VOL STRESS TRANSITION,2,2.0,🌱 LIGHT TRACE,TIGHTENING_GROWTH_SCARE,SOFT RISK-OFF,0.6456545827569354,55,-10,5,10,0,0,0,0,1,-8,0,0,53,45,-8,100,45,0,45,45,61,45,53,0,8,True
2022-04-06,PASS,2022-04-06,2022-04-06,,2022-04-06,2022-04-06,2022-04-06,60.0,NEUTRAL,"Policy Bias: TIGHTENING (긴축) (STRONG, score=+2.5) | REAL_RATEΔ +0.080 / FCI value=-0.371 (low-frequency) / DXYΔ +0.130 / US10YΔ +0.053",3.48,0.0133783260874459,HIGH,WEAK DEMAND + RISK-OFF (수요 둔화),2,🟡 VOL STRESS TRANSITION,2,2.0,🌱 LIGHT TRACE,TIGHTENING_GROWTH_SCARE,HARD RISK-OFF,0.3951546856541761,55,-10,5,10,0,0,0,0,1,-8,0,0,53,20,-33,100,20,0,20,20,61,20,53,0,33,True
2022-04-07,PASS,2022-04-06,2022-04-07,,2022-04-07,2022-04-07,2022-04-07,60.0,NEUTRAL,"Policy Bias: TIGHTENING (긴축) (STRONG, score=+2.5) | REAL_RATEΔ +0.060 / FCI value=-0.371 (low-frequency) / DXYΔ +0.150 / US10YΔ +0.043",3.54,0.0133783260874459,HIGH,NEUTRAL,2,🟡 VOL STRESS TRANSITION,2,2.0,🌱 LIGHT TRACE,TIGHTENING_GROWTH_SCARE,SOFT RISK-OFF,0.5113331860753061,55,-10,5,10,0,0,0,0,1,-8,0,0,53,45,-8,100,45,0,45,45,61,45,53,0,8,True
2022-04-08,PASS,2022-04-06,2022-04-08,,2022-04-08,2022-04-08,2022-04-08,60.0,NEUTRAL,"Policy Bias: TIGHTENING (긴축) (STRONG, score=+2.5) | REAL_RATEΔ +0.010 / FCI value=-0.368 (low-frequency) / DXYΔ +0.050 / US10YΔ +0.061",3.57,0.0133783260874459,HIGH,NEUTRAL,2,🟡 VOL STRESS TRANSITION,2,2.0,🌱 LIGHT TRACE,STAGFLATION_RISK,SOFT RISK-OFF / STAGFLATION,0.439446671160436,55,-10,5,10,0,0,0,0,1,-12,0,0,49,45,-4,100,45,0,45,45,61,45,49,0,4,True
2022-04-11,PASS,2022-04-06,2022-04-11,,2022-04-11,2022-04-11,2022-04-11,60.0,NEUTRAL,"Policy Bias: TIGHTENING (긴축) (STRONG, score=+2.5) | REAL_RATEΔ +0.030 / FCI value=-0.368 (low-frequency) / DXYΔ +0.130 / US10YΔ +0.067",3.73,0.0133783260874459,HIGH,WEAK DEMAND + RISK-OFF (수요 둔화),2,🟡 VOL STRESS TRANSITION,2,2.0,🌱 LIGHT TRACE,TIGHTENING_GROWTH_SCARE,HARD RISK-OFF,0.0112200566091271,55,-10,5,10,0,0,0,0,1,-8,0,0,53,20,-33,100,20,0,20,20,61,20,53,0,33,True
2022-04-12,PASS,2022-04-06,2022-04-12,,2022-04-12,2022-04-12,2022-04-12,60.0,NEUTRAL,"Policy Bias: MIXED (혼조) (WEAK, score=-0.5) | REAL_RATEΔ -0.020 / FCI value=-0.368 (low-frequency) / DXYΔ +0.360 / US10YΔ -0.055",3.75,0.0133783260874459,HIGH,SYSTEMIC HEDGE (시스템적 위험 회피),2,🟡 VOL STRESS TRANSITION,2,2.0,🌱 LIGHT TRACE,UNKNOWN_TRANSITION,TRANSITION / MIXED,-0.085593159682897,55,0,5,10,-4,0,0,0,1,0,0,0,67,30,-37,70,30,0,30,30,67,30,67,0,37,False
2022-04-13,PASS,2022-04-13,2022-04-13,,2022-04-13,2022-04-13,2022-04-13,60.0,NEUTRAL,"Policy Bias: MIXED (혼조) (WEAK, score=-0.5) | REAL_RATEΔ +0.040 / FCI value=-0.368 (low-frequency) / DXYΔ -0.410 / US10YΔ -0.038",3.77,0.6572326928369578,HIGH,COST-PUSH STRUCTURE (비용 주도 구조),2,🟡 VOL STRESS TRANSITION,2,2.0,🌱 LIGHT TRACE,POLICY_EASING,EVENT-WATCHING / POLICY SHIFT,0.1877035187032509,55,0,5,10,0,0,0,0,1,0,0,0,71,100,0,100,100,0,71,71,71,71,71,0,0,False
2022-04-14,PASS,2022-04-13,2022-04-14,,2022-04-14,2022-04-14,2022-04-14,60.0,NEUTRAL,"Policy Bias: TIGHTENING (긴축) (STRONG, score=+2.5) | REAL_RATEΔ +0.040 / FCI value=-0.368 (low-frequency) / DXYΔ +0.440 / US10YΔ +0.141",3.68,0.6572326928369578,HIGH,GLOBAL FINANCIAL TIGHTENING (글로벌 긴축 구조),2,🟡 VOL STRESS TRANSITION,2,2.0,🌱 LIGHT TRACE,STAGFLATION_RISK,SOFT RISK-OFF / STAGFLATION,-0.1275872061149194,55,-10,5,10,0,0,0,0,1,-12,0,0,49,45,-4,100,45,0,45,45,61,45,49,0,4,True
2022-04-15,PASS,2022-04-13,2022-04-14,,2022-04-15,2022-04-15,2022-04-15,50.0,NEUTRAL,"Policy Bias: MIXED (혼조) (WEAK, score=+0.0) | REAL_RATEΔ +0.000 / FCI value=-0.362 (low-frequency) / DXYΔ N/A / US10YΔ N/A",3.68,0.6572326928369578,HIGH,NEUTRAL,2,🟡 TRANSITION,2,2.0,🌱 LIGHT TRACE,UNKNOWN_TRANSITION,TRANSITION / MIXED,0.0,55,0,5,10,0,0,0,0,1,0,0,0,71,65,-6,100,65,0,65,65,71,65,71,0,6,False
2022-04-18,PASS,2022-04-13,2022-04-18,,2022-04-18,2022-04-18,2022-04-18,60.0,NEUTRAL,"Policy Bias: MIXED (혼조) (WEAK, score=+0.5) | REAL_RATEΔ -0.010 / FCI value=-0.362 (low-frequency) / DXYΔ +0.460 / US10YΔ +0.034",3.64,0.6572326928369578,HIGH,GLOBAL FINANCIAL TIGHTENING (글로벌 긴축 구조),2,🟡 VOL STRESS TRANSITION,2,2.0,🌱 LIGHT TRACE,STAGFLATION_RISK,SOFT RISK-OFF / STAGFLATION,-0.130279571862099,55,0,5,10,0,0,0,0,1,-12,0,0,59,45,-14,100,45,0,45,45,71,45,59,0,14,True
2022-04-19,PASS,2022-04-13,2022-04-19,,2022-04-19,2022-04-19,2022-04-19,60.0,NEUTRAL,"Policy Bias: TIGHTENING (긴축) (STRONG, score=+2.5) | REAL_RATEΔ +0.070 / FCI value=-0.362 (low-frequency) / DXYΔ +0.180 / US10YΔ +0.051",3.58,0.6572326928369578,HIGH,NEUTRAL,2,🟡 VOL STRESS TRANSITION,2,2.0,🌱 LIGHT TRACE,TIGHTENING_GROWTH_SCARE,SOFT RISK-OFF,0.2638201882254904,55,-10,5,10,0,0,0,0,1,-8,0,0,53,45,-8,100,45,0,45,45,61,45,53,0,8,True
2022-04-20,PASS,2022-04-20,2022-04-20,,2022-04-20,2022-04-20,2022-04-20,60.0,NEUTRAL,"Policy Bias: EASING (완화) (STRONG, score=-2.5) | REAL_RATEΔ -0.070 / FCI value=-0.362 (low-frequency) / DXYΔ -0.570 / US10YΔ -0.073",3.56,-2.064846725496892,HIGH,NEUTRAL,2,🟡 VOL STRESS TRANSITION,2,2.0,🌱 LIGHT TRACE,POLICY_EASING,EVENT-WATCHING / POLICY SHIFT,0.2387740654998677,55,10,5,-5,0,0,0,0,1,0,0,0,66,100,0,100,100,0,66,66,66,66,66,0,0,False
2022-04-21,PASS,2022-04-20,2022-04-21,,2022-04-21,2022-04-21,2022-04-21,60.0,NEUTRAL,"Policy Bias: MIXED (혼조) (WEAK, score=+0.5) | REAL_RATEΔ -0.050 / FCI value=-0.362 (low-frequency) / DXYΔ +0.190 / US10YΔ +0.077",3.5,-2.064846725496892,HIGH,NEUTRAL,2,🟡 VOL STRESS TRANSITION,2,2.0,🌱 LIGHT TRACE,STAGFLATION_RISK,SOFT RISK-OFF / STAGFLATION,-0.1491957536182873,55,0,5,-5,0,0,0,0,1,-12,0,0,44,45,0,100,45,0,44,44,56,45,44,1,0,False
2022-04-22,PASS,2022-04-20,2022-04-22,,2022-04-22,2022-04-22,2022-04-22,70.0,NEUTRAL,"Policy Bias: TIGHTENING (긴축) (MODERATE, score=+1.5) | REAL_RATEΔ +0.040 / FCI value=-0.351 (low-frequency) / DXYΔ +0.640 / US10YΔ -0.011",3.65,-2.064846725496892,HIGH,NEUTRAL,2,🟡 VOL STRESS TRANSITION,2,2.0,🌱 LIGHT TRACE,UNKNOWN_TRANSITION,TRANSITION / MIXED,-0.8490667055195747,55,-10,5,-5,0,0,0,0,1,0,0,0,46,65,0,100,65,0,46,46,46,46,46,0,0,False
2022-04-25,PASS,2022-04-20,2022-04-25,,2022-04-25,2022-04-25,2022-04-25,70.0,NEUTRAL,"Policy Bias: MIXED (혼조) (WEAK, score=-0.5) | REAL_RATEΔ -0.020 / FCI value=-0.351 (low-frequency) / DXYΔ +0.530 / US10YΔ -0.080",3.8,-2.064846725496892,HIGH,NEUTRAL,2,🟡 VOL STRESS TRANSITION,2,2.0,🌱 LIGHT TRACE,UNKNOWN_TRANSITION,TRANSITION / MIXED,-0.7125730114304542,55,0,5,-5,0,0,0,0,1,0,0,0,56,65,0,100,65,0,56,56,56,56,56,0,0,False
2022-04-26,PASS,2022-04-20,2022-04-26,,2022-04-26,2022-04-26,2022-04-26,80.0,GREED,"Policy Bias: TIGHTENING (긴축) (MODERATE, score=+1.5) | REAL_RATEΔ +0.020 / FCI value=-0.351 (low-frequency) / DXYΔ +0.550 / US10YΔ -0.054",3.83,-2.064846725496892,HIGH,COST-PUSH STRUCTURE (비용 주도 구조),2,🟡 VOL STRESS TRANSITION,2,2.0,🌱 LIGHT TRACE,UNKNOWN_TRANSITION,TRANSITION / MIXED,-1.433087830239147,70,-10,5,-5,0,0,0,0,1,0,0,0,61,65,0,100,65,0,61,61,61,61,61,0,0,False
2022-04-27,PASS,2022-04-27,2022-04-27,,2022-04-27,2022-04-27,2022-04-27,80.0,GREED,"Policy Bias: TIGHTENING (긴축) (STRONG, score=+2.5) | REAL_RATEΔ +0.020 / FCI value=-0.351 (low-frequency) / DXYΔ +0.650 / US10YΔ +0.046",3.89,-3.0270940557770407,HIGH,GLOBAL FINANCIAL TIGHTENING (글로벌 긴축 구조),2,🟡 VOL STRESS TRANSITION,2,2.0,🌱 LIGHT TRACE,STAGFLATION_RISK,SOFT RISK-OFF / STAGFLATION,-1.3686086362989698,70,-10,5,-5,0,0,0,0,1,-12,0,0,49,45,-4,100,45,0,45,45,61,45,49,0,4,True
2022-04-28,PASS,2022-04-27,2022-04-28,,2022-04-28,2022-04-28,2022-04-28,70.0,NEUTRAL,"Policy Bias: MIXED (혼조) (WEAK, score=+0.5) | REAL_RATEΔ -0.060 / FCI value=-0.351 (low-frequency) / DXYΔ +0.670 / US10YΔ +0.045",3.83,-3.0270940557770407,HIGH,GLOBAL FINANCIAL TIGHTENING (글로벌 긴축 구조),2,🟡 VOL STRESS TRANSITION,2,2.0,🌱 LIGHT TRACE,STAGFLATION_RISK,SOFT RISK-OFF / STAGFLATION,-0.7644879264991142,55,0,5,-5,0,0,0,0,1,-12,0,0,44,45,0,100,45,0,44,44,56,45,44,1,0,False
2022-04-29,PASS,2022-04-27,2022-04-29,,2022-04-29,2022-04-29,2022-04-29,80.0,GREED,"Policy Bias: MIXED (혼조) (WEAK, score=+0.5) | REAL_RATEΔ +0.130 / FCI value=-0.336 (low-frequency) / DXYΔ -0.660 / US10YΔ +0.024",3.93,-3.0270940557770407,HIGH,NEUTRAL,2,🟡 VOL STRESS TRANSITION,2,2.0,🌱 LIGHT TRACE,UNKNOWN_TRANSITION,TRANSITION / MIXED,-1.7026173142202463,70,0,5,-5,0,0,0,0,1,0,0,0,71,65,-6,100,65,0,65,65,71,65,71,0,6,False
2022-05-02,PASS,2022-04-27,2022-05-02,,2022-05-02,2022-05-02,2022-05-02,90.0,GREED,"Policy Bias: TIGHTENING (긴축) (STRONG, score=+2.5) | REAL_RATEΔ +0.170 / FCI value=-0.336 (low-frequency) / DXYΔ +0.780 / US10YΔ +0.109",4.05,-3.0270940557770407,HIGH,GLOBAL FINANCIAL TIGHTENING (글로벌 긴축 구조),2,🟡 VOL STRESS TRANSITION,2,2.0,🌱 LIGHT TRACE,STAGFLATION_RISK,HARD RISK-OFF / INFLATION SHOCK,-1.5655698109368892,70,-10,-10,-5,0,0,0,0,1,-12,0,0,34,20,-14,100,20,0,20,20,46,20,34,0,14,True
2022-05-03,PASS,2022-04-27,2022-05-03,,2022-05-03,2022-05-03,2022-05-03,70.0,NEUTRAL,"Policy Bias: EASING (완화) (STRONG, score=-2.5) | REAL_RATEΔ -0.040 / FCI value=-0.336 (low-frequency) / DXYΔ -0.270 / US10YΔ -0.036",3.97,-3.0270940557770407,HIGH,NEUTRAL,2,🟡 VOL STRESS TRANSITION,2,2.0,🌱 LIGHT TRACE,DISINFLATION,EARLY RISK-ON,-1.4574680587122335,55,10,5,-5,0,0,0,0,1,0,0,0,66,100,0,100,100,0,66,66,66,66,66,0,0,False
2022-05-04,PASS,2022-05-04,2022-05-04,,2022-05-04,2022-05-04,2022-05-04,80.0,GREED,"Policy Bias: EASING (완화) (STRONG, score=-2.5) | REAL_RATEΔ -0.070 / FCI value=-0.336 (low-frequency) / DXYΔ -0.880 / US10YΔ -0.043",4.1,-0.00487289746434,HIGH,COST-PUSH STRUCTURE (비용 주도 구조),2,🟡 VOL STRESS TRANSITION,2,2.0,🌱 LIGHT TRACE,POLICY_EASING,EVENT-WATCHING / POLICY SHIFT,-0.7150364157464767,70,10,-10,-5,0,0,0,0,1,0,0,0,66,100,0,100,100,0,66,66,66,66,66,0,0,False
2022-05-05,PASS,2022-05-04,2022-05-05,,2022-05-05,2022-05-05,2022-05-05,90.0,GREED,"Policy Bias: TIGHTENING (긴축) (STRONG, score=+2.5) | REAL_RATEΔ +0.110 / FCI value=-0.336 (low-frequency) / DXYΔ +1.160 / US10YΔ +0.149",4.03,-0.00487289746434,HIGH,GLOBAL FINANCIAL TIGHTENING (글로벌 긴축 구조),2,🟡 VOL STRESS TRANSITION,2,2.0,🌱 LIGHT TRACE,STAGFLATION_RISK,HARD RISK-OFF / INFLATION SHOCK,-1.6309617513671033,70,-10,-10,-5,0,0,0,0,1,-12,0,0,34,20,-14,100,20,0,20,20,46,20,34,0,14,True
2022-05-06,PASS,2022-05-04,2022-05-06,,2022-05-06,2022-05-06,2022-05-06,90.0,GREED,"Policy Bias: MIXED (혼조) (WEAK, score=+0.5) | REAL_RATEΔ +0.080 / FCI value=-0.319 (low-frequency) / DXYΔ -0.090 / US10YΔ +0.057",4.18,-0.00487289746434,HIGH,NEUTRAL,2,🟡 VOL STRESS TRANSITION,2,2.0,🌱 LIGHT TRACE,REFLATION,RISK-ON / REFLATION,-1.7850659182671922,70,0,-10,-5,0,0,0,0,1,6,0,0,62,85,0,100,85,0,62,62,56,56,62,-6,0,False
2022-05-09,PASS,2022-05-04,2022-05-09,,2022-05-09,2022-05-09,2022-05-09,90.0,GREED,"Policy Bias: MIXED (혼조) (WEAK, score=-0.5) | REAL_RATEΔ +0.040 / FCI value=-0.319 (low-frequency) / DXYΔ -0.010 / US10YΔ -0.044",4.47,-0.00487289746434,HIGH,WEAK DEMAND + RISK-OFF (수요 둔화),2,🟡 VOL STRESS TRANSITION,2,2.0,🌱 LIGHT TRACE,CREDIT_STRESS,HARD RISK-OFF,-2.555476430322849,70,0,-10,-5,0,0,0,0,1,-20,0,0,36,20,-16,100,20,0,20,20,56,20,36,0,16,True
2022-05-10,PASS,2022-05-04,2022-05-10,,2022-05-10,2022-05-10,2022-05-10,90.0,GREED,"Policy Bias: TIGHTENING (긴축) (MODERATE, score=+1.5) | REAL_RATEΔ +0.040 / FCI value=-0.319 (low-frequency) / DXYΔ +0.270 / US10YΔ -0.086",4.52,-0.00487289746434,HIGH,NEUTRAL,2,🟡 VOL STRESS TRANSITION,2,2.0,🌱 LIGHT TRACE,UNKNOWN_TRANSITION,TRANSITION / MIXED,-2.4842126717126907,70,-10,-10,-5,0,0,0,0,1,0,0,0,46,65,0,100,65,0,46,46,46,46,46,0,0,False
2022-05-11,PASS,2022-05-11,2022-05-11,,2022-05-11,2022-05-11,2022-05-11,90.0,GREED,"Policy Bias: EASING (완화) (STRONG, score=-2.5) | REAL_RATEΔ -0.130 / FCI value=-0.319 (low-frequency) / DXYΔ -0.070 / US10YΔ -0.072",4.55,0.0224647724169753,HIGH,COST-PUSH STRUCTURE (비용 주도 구조),2,🟡 VOL STRESS TRANSITION,2,2.0,🌱 LIGHT TRACE,POLICY_EASING,EVENT-WATCHING / POLICY SHIFT,-2.822644850008426,70,10,-10,10,0,0,0,0,1,0,0,0,81,100,0,100,100,0,81,81,81,81,81,0,0,False
2022-05-12,PASS,2022-05-11,2022-05-12,,2022-05-12,2022-05-12,2022-05-12,90.0,GREED,"Policy Bias: TIGHTENING (긴축) (MODERATE, score=+1.5) | REAL_RATEΔ +0.040 / FCI value=-0.319 (low-frequency) / DXYΔ +1.000 / US10YΔ -0.104",4.77,0.0224647724169753,HIGH,NEUTRAL,2,🟡 VOL STRESS TRANSITION,2,2.0,🌱 LIGHT TRACE,UNKNOWN_TRANSITION,TRANSITION / MIXED,-2.8107870488235887,70,-10,-10,10,0,0,0,0,1,0,0,0,61,65,0,100,65,0,61,61,61,61,61,0,0,False
2022-05-13,PASS,2022-05-11,2022-05-13,,2022-05-13,2022-05-13,2022-05-13,80.0,GREED,"Policy Bias: EASING (완화) (MODERATE, score=-1.5) | REAL_RATEΔ -0.010 / FCI value=-0.300 (low-frequency) / DXYΔ -0.290 / US10YΔ +0.118",4.63,0.0224647724169753,HIGH,NEUTRAL,2,🟡 VOL STRESS TRANSITION,2,2.0,🌱 LIGHT TRACE,REFLATION,RISK-ON / REFLATION,-2.2522159154677337,70,10,-10,10,0,0,0,0,1,6,0,0,87,85,-2,100,85,0,85,85,81,81,87,-4,2,False
2022-05-16,PASS,2022-05-11,2022-05-16,,2022-05-16,2022-05-16,2022-05-16,80.0,GREED,"Policy Bias: EASING (완화) (STRONG, score=-2.5) | REAL_RATEΔ -0.040 / FCI value=-0.300 (low-frequency) / DXYΔ -0.370 / US10YΔ -0.058",4.71,0.0224647724169753,HIGH,COST-PUSH STRUCTURE (비용 주도 구조),2,🟡 VOL STRESS TRANSITION,2,2.0,🌱 LIGHT TRACE,POLICY_EASING,EVENT-WATCHING / POLICY SHIFT,-2.3281543529543915,70,10,-10,10,0,0,0,0,1,0,0,0,81,100,0,100,100,0,81,81,81,81,81,0,0,False
2022-05-17,PASS,2022-05-11,2022-05-17,,2022-05-17,2022-05-17,2022-05-17,80.0,GREED,"Policy Bias: MIXED (혼조) (WEAK, score=+0.5) | REAL_RATEΔ +0.070 / FCI value=-0.300 (low-frequency) / DXYΔ -0.830 / US10YΔ +0.091",4.6,0.0224647724169753,HIGH,NEUTRAL,2,🟡 VOL STRESS TRANSITION,2,2.0,🌱 LIGHT TRACE,UNKNOWN_TRANSITION,TRANSITION / MIXED,-1.8508176188185697,70,0,-10,10,0,0,0,0,1,0,0,0,71,65,-6,100,65,0,65,65,71,65,71,0,6,False
2022-05-18,PASS,2022-05-18,2022-05-18,,2022-05-18,2022-05-18,2022-05-18,90.0,GREED,"Policy Bias: MIXED (혼조) (WEAK, score=-0.5) | REAL_RATEΔ -0.100 / FCI value=-0.300 (low-frequency) / DXYΔ +0.450 / US10YΔ -0.082",4.84,0.781624243572912,HIGH,WEAK DEMAND + RISK-OFF (수요 둔화),2,🟡 VOL STRESS TRANSITION,2,2.0,🌱 LIGHT TRACE,CREDIT_STRESS,HARD RISK-OFF,-2.741975513801622,70,0,-10,10,0,0,0,0,1,-20,0,0,51,20,-31,100,20,0,20,20,71,20,51,0,31,True
2022-05-19,PASS,2022-05-18,2022-05-19,,2022-05-19,2022-05-19,2022-05-19,80.0,GREED,"Policy Bias: MIXED (혼조) (WEAK, score=-0.5) | REAL_RATEΔ +0.080 / FCI value=-0.300 (low-frequency) / DXYΔ -1.090 / US10YΔ -0.031",4.92,0.781624243572912,HIGH,COST-PUSH STRUCTURE (비용 주도 구조),2,🟡 VOL STRESS TRANSITION,2,2.0,🌱 LIGHT TRACE,POLICY_EASING,EVENT-WATCHING / POLICY SHIFT,-2.836430435441472,70,0,-10,10,0,0,0,0,1,0,0,0,71,100,0,100,100,0,71,71,71,71,71,0,0,False
2022-05-20,PASS,2022-05-18,2022-05-20,,2022-05-20,2022-05-20,2022-05-20,80.0,GREED,"Policy Bias: MIXED (혼조) (WEAK, score=-0.5) | REAL_RATEΔ -0.020 / FCI value=-0.281 (low-frequency) / DXYΔ +0.430 / US10YΔ -0.068",4.91,0.781624243572912,HIGH,NEUTRAL,2,🟡 VOL STRESS TRANSITION,2,2.0,🌱 LIGHT TRACE,CREDIT_STRESS,HARD RISK-OFF,-2.787389842470596,70,0,-10,10,0,0,0,0,1,-20,0,0,51,20,-31,100,20,0,20,20,71,20,51,0,31,True
2022-05-23,PASS,2022-05-18,2022-05-23,,2022-05-23,2022-05-23,2022-05-23,80.0,GREED,"Policy Bias: MIXED (혼조) (WEAK, score=+0.5) | REAL_RATEΔ +0.030 / FCI value=-0.281 (low-frequency) / DXYΔ -1.070 / US10YΔ +0.072",4.82,0.781624243572912,HIGH,NEUTRAL,2,🟡 VOL STRESS TRANSITION,2,2.0,🌱 LIGHT TRACE,UNKNOWN_TRANSITION,TRANSITION / MIXED,-2.365948707167628,70,0,-10,10,0,0,0,0,1,0,0,0,71,65,-6,100,65,0,65,65,71,65,71,0,6,False
2022-05-24,PASS,2022-05-18,2022-05-24,,2022-05-24,2022-05-24,2022-05-24,80.0,GREED,"Policy Bias: EASING (완화) (STRONG, score=-2.5) | REAL_RATEΔ -0.050 / FCI value=-0.281 (low-frequency) / DXYΔ -0.220 / US10YΔ -0.099",4.94,0.781624243572912,HIGH,NEUTRAL,2,🟡 VOL STRESS TRANSITION,2,2.0,🌱 LIGHT TRACE,CREDIT_STRESS,HARD RISK-OFF,-2.501705215542898,70,10,-10,10,0,0,0,0,1,-20,0,0,61,20,-41,100,20,0,20,20,81,20,61,0,41,True
2022-05-25,PASS,2022-05-25,2022-05-25,,2022-05-25,2022-05-25,2022-05-25,80.0,GREED,"Policy Bias: MIXED (혼조) (WEAK, score=-0.5) | REAL_RATEΔ -0.020 / FCI value=-0.281 (low-frequency) / DXYΔ +0.200 / US10YΔ -0.011",4.74,0.4193842388501431,HIGH,NEUTRAL,2,🟡 VOL STRESS TRANSITION,2,2.0,🌱 LIGHT TRACE,UNKNOWN_TRANSITION,TRANSITION / MIXED,-2.2917672630910566,70,0,-10,10,0,0,0,0,1,0,0,0,71,65,-6,100,65,0,65,65,71,65,71,0,6,False
2022-05-26,PASS,2022-05-25,2022-05-26,,2022-05-26,2022-05-26,2022-05-26,80.0,GREED,"Policy Bias: EASING (완화) (MODERATE, score=-1.5) | REAL_RATEΔ -0.060 / FCI value=-0.281 (low-frequency) / DXYΔ -0.230 / US10YΔ +0.007",4.38,0.4193842388501431,HIGH,NEUTRAL,2,🟡 VOL STRESS TRANSITION,2,2.0,🌱 LIGHT TRACE,REFLATION,RISK-ON / REFLATION,-1.855874607142914,70,10,-10,10,0,0,0,0,1,6,0,0,87,85,-2,100,85,0,85,85,81,81,87,-4,2,False
2022-05-27,PASS,2022-05-25,2022-05-27,,2022-05-27,2022-05-27,2022-05-27,80.0,GREED,"Policy Bias: EASING (완화) (STRONG, score=-2.5) | REAL_RATEΔ -0.020 / FCI value=-0.259 (low-frequency) / DXYΔ -0.160 / US10YΔ -0.013",4.19,0.4193842388501431,HIGH,NEUTRAL,2,🟡 VOL STRESS TRANSITION,2,2.0,🌱 LIGHT TRACE,POLICY_EASING,EVENT-WATCHING / POLICY SHIFT,-1.323464277782702,70,10,-10,10,0,0,0,0,1,0,0,0,81,100,0,100,100,0,81,81,81,81,81,0,0,False
2022-05-30,PASS,2022-05-25,2022-05-30,,2022-05-30,2022-05-30,2022-05-30,60.0,NEUTRAL,"Policy Bias: MIXED (혼조) (WEAK, score=+0.0) | REAL_RATEΔ +0.000 / FCI value=-0.259 (low-frequency) / DXYΔ N/A / US10YΔ N/A",4.19,0.4193842388501431,HIGH,NEUTRAL,2,🟡 TRANSITION,2,2.0,🌱 LIGHT TRACE,UNKNOWN_TRANSITION,TRANSITION / MIXED,0.0,55,0,-10,10,0,0,0,0,1,0,0,0,56,65,0,100,65,0,56,56,56,56,56,0,0,False
2022-05-31,PASS,2022-05-25,2022-05-31,,2022-05-31,2022-05-31,2022-05-31,80.0,GREED,"Policy Bias: TIGHTENING (긴축) (STRONG, score=+2.5) | REAL_RATEΔ +0.100 / FCI value=-0.259 (low-frequency) / DXYΔ +0.080 / US10YΔ +0.101",4.22,0.4193842388501431,HIGH,NEUTRAL,2,🟡 VOL STRESS TRANSITION,2,2.0,🌱 LIGHT TRACE,CREDIT_STRESS,HARD RISK-OFF,-1.4501963891201604,70,-10,-10,10,0,0,0,0,1,-20,0,0,41,20,-21,100,20,0,20,20,61,20,41,0,21,True
2022-06-01,PASS,2022-06-01,2022-06-01,,2022-06-01,2022-06-01,2022-06-01,80.0,GREED,"Policy Bias: TIGHTENING (긴축) (STRONG, score=+2.5) | REAL_RATEΔ +0.080 / FCI value=-0.259 (low-frequency) / DXYΔ +0.800 / US10YΔ +0.087",4.13,0.4054350213072061,HIGH,GLOBAL FINANCIAL TIGHTENING (글로벌 긴축 구조),2,🟡 VOL STRESS TRANSITION,2,2.0,🌱 LIGHT TRACE,STAGFLATION_RISK,HARD RISK-OFF / INFLATION SHOCK,-1.6214096615234792,70,-10,-10,10,0,0,0,0,1,-12,0,0,49,20,-29,100,20,0,20,20,61,20,49,0,29,True
2022-06-02,PASS,2022-06-01,2022-06-02,,2022-06-02,2022-06-02,2022-06-02,70.0,NEUTRAL,"Policy Bias: EASING (완화) (STRONG, score=-2.5) | REAL_RATEΔ -0.030 / FCI value=-0.259 (low-frequency) / DXYΔ -0.780 / US10YΔ -0.018",4.15,0.4054350213072061,HIGH,NEUTRAL,2,🟡 VOL STRESS TRANSITION,2,2.0,🌱 LIGHT TRACE,POLICY_EASING,EVENT-WATCHING / POLICY SHIFT,-1.2053743417290728,55,10,-10,10,0,0,0,0,1,0,0,0,66,100,0,100,100,0,66,66,66,66,66,0,0,False
2022-06-03,PASS,2022-06-01,2022-06-03,,2022-06-03,2022-06-03,2022-06-03,70.0,NEUTRAL,"Policy Bias: MIXED (혼조) (WEAK, score=+0.5) | REAL_RATEΔ -0.040 / FCI value=-0.236 (low-frequency) / DXYΔ +0.370 / US10YΔ +0.044",4.21,0.4054350213072061,HIGH,GLOBAL FINANCIAL TIGHTENING (글로벌 긴축 구조),2,🟡 VOL STRESS TRANSITION,2,2.0,🌱 LIGHT TRACE,STAGFLATION_RISK,HARD RISK-OFF / INFLATION SHOCK,-1.5656052997656198,55,0,-10,10,0,0,0,0,1,-12,0,0,44,20,-24,100,20,0,20,20,56,20,44,0,24,True
2022-06-06,PASS,2022-06-01,2022-06-06,,2022-06-06,2022-06-06,2022-06-06,80.0,GREED,"Policy Bias: TIGHTENING (긴축) (STRONG, score=+2.5) | REAL_RATEΔ +0.060 / FCI value=-0.236 (low-frequency) / DXYΔ +0.300 / US10YΔ +0.081",4.19,0.4054350213072061,HIGH,GLOBAL FINANCIAL TIGHTENING (글로벌 긴축 구조),2,🟡 VOL STRESS TRANSITION,2,2.0,🌱 LIGHT TRACE,CREDIT_STRESS,HARD RISK-OFF,-1.4960837119899275,70,-10,-10,10,0,0,0,0,1,-20,0,0,41,20,-21,100,20,0,20,20,61,20,41,0,21,True
2022-06-07,PASS,2022-06-01,2022-06-07,,2022-06-07,2022-06-07,2022-06-07,70.0,NEUTRAL,"Policy Bias: EASING (완화) (STRONG, score=-2.5) | REAL_RATEΔ -0.030 / FCI value=-0.236 (low-frequency) / DXYΔ -0.120 / US10YΔ -0.066",4.34,0.4054350213072061,HIGH,NEUTRAL,2,🟡 VOL STRESS TRANSITION,2,2.0,🌱 LIGHT TRACE,POLICY_EASING,EVENT-WATCHING / POLICY SHIFT,-1.289595008064598,55,10,-10,10,0,0,0,0,1,0,0,0,66,100,0,100,100,0,66,66,66,66,66,0,0,False
2022-06-08,PASS,2022-06-08,2022-06-08,,2022-06-08,2022-06-08,2022-06-08,70.0,NEUTRAL,"Policy Bias: TIGHTENING (긴축) (STRONG, score=+2.5) | REAL_RATEΔ +0.030 / FCI value=-0.236 (low-frequency) / DXYΔ +0.220 / US10YΔ +0.057",4.34,0.8515576635953941,HIGH,GLOBAL FINANCIAL TIGHTENING (글로벌 긴축 구조),2,🟡 VOL STRESS TRANSITION,2,2.0,🌱 LIGHT TRACE,STAGFLATION_RISK,HARD RISK-OFF / INFLATION SHOCK,-1.5259209065591912,55,-10,-10,10,0,0,0,0,1,-12,0,0,34,20,-14,100,20,0,20,20,46,20,34,0,14,True
2022-06-09,PASS,2022-06-08,2022-06-09,,2022-06-09,2022-06-09,2022-06-09,80.0,GREED,"Policy Bias: TIGHTENING (긴축) (STRONG, score=+2.5) | REAL_RATEΔ +0.010 / FCI value=-0.236 (low-frequency) / DXYΔ +0.680 / US10YΔ +0.015",4.42,0.8515576635953941,HIGH,GLOBAL FINANCIAL TIGHTENING (글로벌 긴축 구조),2,🟡 VOL STRESS TRANSITION,2,2.0,🌱 LIGHT TRACE,CREDIT_STRESS,HARD RISK-OFF,-2.028511435261241,70,-10,-10,10,0,0,0,0,1,-20,0,0,41,20,-21,100,20,0,20,20,61,20,41,0,21,True
2022-06-10,PASS,2022-06-08,2022-06-10,,2022-06-10,2022-06-10,2022-06-10,80.0,GREED,"Policy Bias: TIGHTENING (긴축) (STRONG, score=+2.5) | REAL_RATEΔ +0.100 / FCI value=-0.212 (low-frequency) / DXYΔ +0.930 / US10YΔ +0.112",4.51,0.8515576635953941,HIGH,SYSTEMIC HEDGE (시스템적 위험 회피),2,🟡 VOL STRESS TRANSITION,2,2.0,🌱 LIGHT TRACE,CREDIT_STRESS,HARD RISK-OFF,-2.605520439842285,70,-10,-10,10,-20,0,0,0,1,-20,0,0,21,20,-1,30,20,0,20,20,41,20,21,0,1,True
2022-06-13,PASS,2022-06-08,2022-06-13,,2022-06-13,2022-06-13,2022-06-13,90.0,GREED,"Policy Bias: TIGHTENING (긴축) (STRONG, score=+2.5) | REAL_RATEΔ +0.300 / FCI value=-0.212 (low-frequency) / DXYΔ +0.930 / US10YΔ +0.210",4.87,0.8515576635953941,HIGH,GLOBAL FINANCIAL TIGHTENING (글로벌 긴축 구조),2,🟡 VOL STRESS TRANSITION,2,2.0,🌱 LIGHT TRACE,STAGFLATION_RISK,HARD RISK-OFF / INFLATION SHOCK,-3.296936875309981,70,-10,-10,10,0,0,0,0,1,-12,0,0,49,20,-29,100,20,0,20,20,61,20,49,0,29,True
2022-06-14,PASS,2022-06-08,2022-06-14,,2022-06-14,2022-06-14,2022-06-14,90.0,GREED,"Policy Bias: TIGHTENING (긴축) (STRONG, score=+2.5) | REAL_RATEΔ +0.200 / FCI value=-0.212 (low-frequency) / DXYΔ +0.440 / US10YΔ +0.117",4.9,0.8515576635953941,HIGH,GLOBAL FINANCIAL TIGHTENING (글로벌 긴축 구조),2,🟡 VOL STRESS TRANSITION,2,2.0,🌱 LIGHT TRACE,TIGHTENING_GROWTH_SCARE,HARD RISK-OFF,-3.274690869557145,70,-10,-10,10,0,0,0,0,1,-8,0,0,53,20,-33,100,20,0,20,20,61,20,53,0,33,True
2022-06-15,PASS,2022-06-15,2022-06-15,,2022-06-15,2022-06-15,2022-06-15,80.0,GREED,"Policy Bias: EASING (완화) (STRONG, score=-2.5) | REAL_RATEΔ -0.260 / FCI value=-0.212 (low-frequency) / DXYΔ -0.360 / US10YΔ -0.088",4.82,0.9844991318774416,HIGH,NEUTRAL,2,🟡 VOL STRESS TRANSITION,2,2.0,🌱 LIGHT TRACE,DISINFLATION,EARLY RISK-ON,-2.948956363647372,70,10,-10,10,0,0,0,0,1,0,0,0,81,100,0,100,100,0,81,81,81,81,81,0,0,False
2022-06-16,PASS,2022-06-15,2022-06-16,,2022-06-16,2022-06-16,2022-06-16,100.0,GREED,"Policy Bias: MIXED (혼조) (WEAK, score=-0.5) | REAL_RATEΔ +0.030 / FCI value=-0.212 (low-frequency) / DXYΔ -1.530 / US10YΔ -0.088",5.17,0.9844991318774416,HIGH,NEUTRAL,2,🟡 VOL STRESS TRANSITION,2,2.0,🌱 LIGHT TRACE,CREDIT_STRESS,HARD RISK-OFF,-3.468741231849316,70,0,-10,10,0,0,0,0,1,-20,0,0,51,20,-31,100,20,0,20,20,71,20,51,0,31,True
2022-06-17,PASS,2022-06-15,2022-06-17,,2022-06-17,2022-06-17,2022-06-17,100.0,GREED,"Policy Bias: TIGHTENING (긴축) (MODERATE, score=+1.5) | REAL_RATEΔ +0.010 / FCI value=-0.188 (low-frequency) / DXYΔ +1.070 / US10YΔ -0.068",5.15,0.9844991318774416,HIGH,NEUTRAL,2,🟡 VOL STRESS TRANSITION,2,2.0,🌱 LIGHT TRACE,UNKNOWN_TRANSITION,TRANSITION / MIXED,-3.3434710132654097,70,-10,-10,10,0,0,0,0,1,0,0,0,61,65,0,100,65,0,61,61,61,61,61,0,0,False
2022-06-20,PASS,2022-06-15,2022-06-20,,2022-06-20,2022-06-20,2022-06-20,70.0,NEUTRAL,"Policy Bias: MIXED (혼조) (WEAK, score=+0.0) | REAL_RATEΔ +0.000 / FCI value=-0.188 (low-frequency) / DXYΔ N/A / US10YΔ N/A",5.15,0.9844991318774416,HIGH,NEUTRAL,2,🟡 TRANSITION,2,2.0,🌱 LIGHT TRACE,UNKNOWN_TRANSITION,TRANSITION / MIXED,0.0,55,0,-10,10,0,0,0,0,1,0,0,0,56,65,0,100,65,0,56,56,56,56,56,0,0,False
2022-06-21,PASS,2022-06-15,2022-06-21,,2022-06-21,2022-06-21,2022-06-21,100.0,GREED,"Policy Bias: MIXED (혼조) (WEAK, score=+0.5) | REAL_RATEΔ +0.030 / FCI value=-0.188 (low-frequency) / DXYΔ -0.260 / US10YΔ +0.068",5.05,0.9844991318774416,HIGH,NEUTRAL,2,🟡 VOL STRESS TRANSITION,2,2.0,🌱 LIGHT TRACE,REFLATION,RISK-ON / REFLATION,-2.850120650482605,70,0,-10,10,0,0,0,0,1,6,0,0,77,85,0,100,85,0,77,77,71,71,77,-6,0,False
2022-06-22,PASS,2022-06-22,2022-06-22,,2022-06-22,2022-06-22,2022-06-22,90.0,GREED,"Policy Bias: EASING (완화) (STRONG, score=-2.5) | REAL_RATEΔ -0.080 / FCI value=-0.188 (low-frequency) / DXYΔ -0.240 / US10YΔ -0.151",5.32,-1.2036610046794332,HIGH,NEUTRAL,2,🟡 VOL STRESS TRANSITION,2,2.0,🌱 LIGHT TRACE,DISINFLATION,EARLY RISK-ON,-2.827761266290713,70,10,-10,-5,0,0,0,0,1,0,0,0,66,100,0,100,100,0,66,66,66,66,66,0,0,False
2022-06-23,PASS,2022-06-22,2022-06-23,,2022-06-23,2022-06-23,2022-06-23,90.0,GREED,"Policy Bias: MIXED (혼조) (WEAK, score=-0.5) | REAL_RATEΔ -0.030 / FCI value=-0.188 (low-frequency) / DXYΔ +0.230 / US10YΔ -0.088",5.38,-1.2036610046794332,HIGH,NEUTRAL,2,🟡 VOL STRESS TRANSITION,2,2.0,🌱 LIGHT TRACE,CREDIT_STRESS,HARD RISK-OFF,-2.6147848245118106,70,0,-10,-5,0,0,0,0,1,-20,0,0,36,20,-16,100,20,0,20,20,56,20,36,0,16,True
2022-06-24,PASS,2022-06-22,2022-06-24,,2022-06-24,2022-06-24,2022-06-24,90.0,GREED,"Policy Bias: EASING (완화) (MODERATE, score=-1.5) | REAL_RATEΔ -0.020 / FCI value=-0.172 (low-frequency) / DXYΔ -0.240 / US10YΔ +0.057",5.18,-1.2036610046794332,HIGH,NEUTRAL,2,🟡 VOL STRESS TRANSITION,2,2.0,🌱 LIGHT TRACE,REFLATION,RISK-ON / REFLATION,-2.0502622377968165,70,10,-10,-5,0,0,0,0,1,6,0,0,72,85,0,100,85,0,72,72,66,66,72,-6,0,False
2022-06-27,PASS,2022-06-22,2022-06-27,,2022-06-27,2022-06-27,2022-06-27,90.0,GREED,"Policy Bias: MIXED (혼조) (WEAK, score=+0.5) | REAL_RATEΔ +0.080 / FCI value=-0.172 (low-frequency) / DXYΔ -0.250 / US10YΔ +0.069",5.11,-1.2036610046794332,HIGH,NEUTRAL,2,🟡 VOL STRESS TRANSITION,2,2.0,🌱 LIGHT TRACE,REFLATION,RISK-ON / REFLATION,-2.091922194204445,70,0,-10,-5,0,0,0,0,1,6,0,0,62,85,0,100,85,0,62,62,56,56,62,-6,0,False
2022-06-28,PASS,2022-06-22,2022-06-28,,2022-06-28,2022-06-28,2022-06-28,90.0,GREED,"Policy Bias: TIGHTENING (긴축) (STRONG, score=+2.5) | REAL_RATEΔ +0.070 / FCI value=-0.172 (low-frequency) / DXYΔ +0.570 / US10YΔ +0.012",5.26,-1.2036610046794332,HIGH,GLOBAL FINANCIAL TIGHTENING (글로벌 긴축 구조),2,🟡 VOL STRESS TRANSITION,2,2.0,🌱 LIGHT TRACE,STAGFLATION_RISK,HARD RISK-OFF / INFLATION SHOCK,-2.40488901869644,70,-10,-10,-5,0,0,0,0,1,-12,0,0,34,20,-14,100,20,0,20,20,46,20,34,0,14,True
2022-06-29,PASS,2022-06-29,2022-06-29,,2022-06-29,2022-06-29,2022-06-29,90.0,GREED,"Policy Bias: TIGHTENING (긴축) (MODERATE, score=+1.5) | REAL_RATEΔ +0.020 / FCI value=-0.172 (low-frequency) / DXYΔ +0.600 / US10YΔ -0.113",5.62,-0.2337286173056905,HIGH,NEUTRAL,2,🟡 VOL STRESS TRANSITION,2,2.0,🌱 LIGHT TRACE,UNKNOWN_TRANSITION,TRANSITION / MIXED,-2.3811943606814805,70,-10,-10,-5,0,0,0,0,1,0,0,0,46,65,0,100,65,0,46,46,46,46,46,0,0,False
2022-06-30,PASS,2022-06-29,2022-06-30,,2022-06-30,2022-06-30,2022-06-30,90.0,GREED,"Policy Bias: EASING (완화) (STRONG, score=-2.5) | REAL_RATEΔ -0.090 / FCI value=-0.172 (low-frequency) / DXYΔ -0.420 / US10YΔ -0.121",5.87,-0.2337286173056905,HIGH,WEAK DEMAND + RISK-OFF (수요 둔화),2,🟡 VOL STRESS TRANSITION,2,2.0,🌱 LIGHT TRACE,CREDIT_STRESS,HARD RISK-OFF,-2.4736938763133853,70,10,-10,-5,0,0,0,0,1,-20,0,0,46,20,-26,100,20,0,20,20,66,20,46,0,26,True
